timestamp,source,num_orders,returncode,stdout,stderr,input_csv
2026-02-25T04:43:21.149147Z,chat_execute,2,0,"Order OK: {""orderId"": 12543274704, ""symbol"": ""BTCUSDT"", ""status"": ""NEW"", ""clientOrderId"": ""0QvvJPEZO8SQntCbqXUuXz"", ""price"": ""0.00"", ""avgPrice"": ""0.00"", ""origQty"": ""0.007"", ""executedQty"": ""0.000"", ""cumQty"": ""0.000"", ""cumQuote"": ""0.00000"", ""timeInForce"": ""GTC"", ""type"": ""MARKET"", ""reduceOnly"": false, ""closePosition"": false, ""side"": ""SELL"", ""positionSide"": ""BOTH"", ""stopPrice"": ""0.00"", ""workingType"": ""CONTRACT_PRICE"", ""priceProtect"": false, ""origType"": ""MARKET"", ""priceMatch"": ""NONE"", ""selfTradePreventionMode"": ""EXPIRE_MAKER"", ""goodTillDate"": 0, ""updateTime"": 1771994596695}
Order OK: {""orderId"": 8427890740, ""symbol"": ""ETHUSDT"", ""status"": ""NEW"", ""clientOrderId"": ""wuPZFoe0y0CKmNrunZjhSL"", ""price"": ""0.00"", ""avgPrice"": ""0.00"", ""origQty"": ""0.261"", ""executedQty"": ""0.000"", ""cumQty"": ""0.000"", ""cumQuote"": ""0.00000"", ""timeInForce"": ""GTC"", ""type"": ""MARKET"", ""reduceOnly"": false, ""closePosition"": false, ""side"": ""SELL"", ""positionSide"": ""BOTH"", ""stopPrice"": ""0.00"", ""workingType"": ""CONTRACT_PRICE"", ""priceProtect"": false, ""origType"": ""MARKET"", ""priceMatch"": ""NONE"", ""selfTradePreventionMode"": ""EXPIRE_MAKER"", ""goodTillDate"": 0, ""updateTime"": 1771994601051}",,"currency,size_usdt,direct,lever
BTC,500,Short,2
ETH,500,Short,2"
2026-02-25T05:13:34.738541Z,chat_execute,2,0,"Order OK: {""orderId"": 1731124627, ""symbol"": ""SOLUSDT"", ""status"": ""NEW"", ""clientOrderId"": ""M4bdojgDxGG3sShqXwCXSG"", ""price"": ""0.0000"", ""avgPrice"": ""0.00"", ""origQty"": ""1.21"", ""executedQty"": ""0.00"", ""cumQty"": ""0.00"", ""cumQuote"": ""0.000000"", ""timeInForce"": ""GTC"", ""type"": ""MARKET"", ""reduceOnly"": false, ""closePosition"": false, ""side"": ""SELL"", ""positionSide"": ""BOTH"", ""stopPrice"": ""0.0000"", ""workingType"": ""CONTRACT_PRICE"", ""priceProtect"": false, ""origType"": ""MARKET"", ""priceMatch"": ""NONE"", ""selfTradePreventionMode"": ""EXPIRE_MAKER"", ""goodTillDate"": 0, ""updateTime"": 1771996412365}
Order OK: {""orderId"": 705924408, ""symbol"": ""DOGEUSDT"", ""status"": ""NEW"", ""clientOrderId"": ""zKM4e1oV99bNpgSivDWY4s"", ""price"": ""0.000000"", ""avgPrice"": ""0.00"", ""origQty"": ""540"", ""executedQty"": ""0"", ""cumQty"": ""0"", ""cumQuote"": ""0.000000"", ""timeInForce"": ""GTC"", ""type"": ""MARKET"", ""reduceOnly"": false, ""closePosition"": false, ""side"": ""SELL"", ""positionSide"": ""BOTH"", ""stopPrice"": ""0.000000"", ""workingType"": ""CONTRACT_PRICE"", ""priceProtect"": false, ""origType"": ""MARKET"", ""priceMatch"": ""NONE"", ""selfTradePreventionMode"": ""EXPIRE_MAKER"", ""goodTillDate"": 0, ""updateTime"": 1771996414659}",,"currency,size_usdt,direct,lever
SOL,100,SHORT,2
DOGE,50,SHORT,2"
2026-02-25T05:39:35.962939Z,chat_execute,2,0,"Order OK: {""orderId"": 95584647, ""symbol"": ""ARBUSDT"", ""status"": ""NEW"", ""clientOrderId"": ""1QD11BeBeWvD3dfqjhc0wL"", ""price"": ""0.000000"", ""avgPrice"": ""0.00"", ""origQty"": ""1639.3"", ""executedQty"": ""0.0"", ""cumQty"": ""0.0"", ""cumQuote"": ""0.0000000"", ""timeInForce"": ""GTC"", ""type"": ""MARKET"", ""reduceOnly"": false, ""closePosition"": false, ""side"": ""SELL"", ""positionSide"": ""BOTH"", ""stopPrice"": ""0.000000"", ""workingType"": ""CONTRACT_PRICE"", ""priceProtect"": false, ""origType"": ""MARKET"", ""priceMatch"": ""NONE"", ""selfTradePreventionMode"": ""EXPIRE_MAKER"", ""goodTillDate"": 0, ""updateTime"": 1771997973223}
Order OK: {""orderId"": 137381594, ""symbol"": ""OPUSDT"", ""status"": ""NEW"", ""clientOrderId"": ""FBn2AQ4sMnMewakfJnaOUY"", ""price"": ""0.0000000"", ""avgPrice"": ""0.00"", ""origQty"": ""856.8"", ""executedQty"": ""0.0"", ""cumQty"": ""0.0"", ""cumQuote"": ""0.00000000"", ""timeInForce"": ""GTC"", ""type"": ""MARKET"", ""reduceOnly"": false, ""closePosition"": false, ""side"": ""SELL"", ""positionSide"": ""BOTH"", ""stopPrice"": ""0.0000000"", ""workingType"": ""CONTRACT_PRICE"", ""priceProtect"": false, ""origType"": ""MARKET"", ""priceMatch"": ""NONE"", ""selfTradePreventionMode"": ""EXPIRE_MAKER"", ""goodTillDate"": 0, ""updateTime"": 1771997975871}",,"currency,size_usdt,direct,lever
ARB,150,SHORT,2
OP,100,SHORT,2"
2026-02-25T05:57:06.602053Z,chat_execute,2,0,"Order OK (close): {""orderId"": 137386855, ""symbol"": ""OPUSDT"", ""status"": ""NEW"", ""clientOrderId"": ""VCrrtA8OYv5aVE53MaJE1N"", ""price"": ""0.0000000"", ""avgPrice"": ""0.00"", ""origQty"": ""856.8"", ""executedQty"": ""0.0"", ""cumQty"": ""0.0"", ""cumQuote"": ""0.00000000"", ""timeInForce"": ""GTC"", ""type"": ""MARKET"", ""reduceOnly"": true, ""closePosition"": false, ""side"": ""BUY"", ""positionSide"": ""BOTH"", ""stopPrice"": ""0.0000000"", ""workingType"": ""CONTRACT_PRICE"", ""priceProtect"": false, ""origType"": ""MARKET"", ""priceMatch"": ""NONE"", ""selfTradePreventionMode"": ""EXPIRE_MAKER"", ""goodTillDate"": 0, ""updateTime"": 1771999024783}
Order OK (close): {""orderId"": 95593388, ""symbol"": ""ARBUSDT"", ""status"": ""NEW"", ""clientOrderId"": ""rXkuFhWjPLdJCvXWQQzx8F"", ""price"": ""0.000000"", ""avgPrice"": ""0.00"", ""origQty"": ""1639.3"", ""executedQty"": ""0.0"", ""cumQty"": ""0.0"", ""cumQuote"": ""0.0000000"", ""timeInForce"": ""GTC"", ""type"": ""MARKET"", ""reduceOnly"": true, ""closePosition"": false, ""side"": ""BUY"", ""positionSide"": ""BOTH"", ""stopPrice"": ""0.000000"", ""workingType"": ""CONTRACT_PRICE"", ""priceProtect"": false, ""origType"": ""MARKET"", ""priceMatch"": ""NONE"", ""selfTradePreventionMode"": ""EXPIRE_MAKER"", ""goodTillDate"": 0, ""updateTime"": 1771999026503}",,"currency,size_usdt,direct,lever
OP,100,CLOSE,2
ARB,75,CLOSE,2"
2026-02-25T06:52:13.945467Z,chat_execute,18,-1,,Unknown or unsupported symbol: 'ENSOUSDT' (not in Binance USD-M futures),"currency,size_usdt,direct,lever
BTCUSDT,1000,LONG,2
ETHUSDT,1000,LONG,2
HYPEUSDT,1000,LONG,2
BCHUSDT,200,SHORT,2
XRPUSDT,200,SHORT,2
LINKUSDT,200,SHORT,2
ADAUSDT,200,SHORT,2
DOGEUSDT,200,SHORT,2
SOLUSDT,200,SHORT,2
AVAXUSDT,200,SHORT,2
SUIUSDT,200,SHORT,2
1000PEPEUSDT,200,SHORT,2
PAXGUSDT,200,SHORT,2
ENSOUSDT,200,SHORT,2
RIVERUSDT,200,SHORT,2
KITEUSDT,200,SHORT,2
POWERUSDT,200,SHORT,2
ESPUSDT,200,SHORT,2"
2026-02-25T08:03:14.936890Z,chat_execute,30,1,"Order OK: {""orderId"": 333064824, ""symbol"": ""1000PEPEUSDT"", ""status"": ""NEW"", ""clientOrderId"": ""81ri7C32DsulA5GYdKalHu"", ""price"": ""0.0000000"", ""avgPrice"": ""0.00"", ""origQty"": ""25493"", ""executedQty"": ""0"", ""cumQty"": ""0"", ""cumQuote"": ""0.0000000"", ""timeInForce"": ""GTC"", ""type"": ""MARKET"", ""reduceOnly"": false, ""closePosition"": false, ""side"": ""SELL"", ""positionSide"": ""BOTH"", ""stopPrice"": ""0.0000000"", ""workingType"": ""CONTRACT_PRICE"", ""priceProtect"": false, ""origType"": ""MARKET"", ""priceMatch"": ""NONE"", ""selfTradePreventionMode"": ""EXPIRE_MAKER"", ""goodTillDate"": 0, ""updateTime"": 1772006521286}
Order OK: {""orderId"": 113384064, ""symbol"": ""1000FLOKIUSDT"", ""status"": ""NEW"", ""clientOrderId"": ""aItOH9k9TgzTM8TO6mUYZz"", ""price"": ""0.0000000"", ""avgPrice"": ""0.00"", ""origQty"": ""3513"", ""executedQty"": ""0"", ""cumQty"": ""0"", ""cumQuote"": ""0.0000000"", ""timeInForce"": ""GTC"", ""type"": ""MARKET"", ""reduceOnly"": false, ""closePosition"": false, ""side"": ""SELL"", ""positionSide"": ""BOTH"", ""stopPrice"": ""0.0000000"", ""workingType"": ""CONTRACT_PRICE"", ""priceProtect"": false, ""origType"": ""MARKET"", ""priceMatch"": ""NONE"", ""selfTradePreventionMode"": ""EXPIRE_MAKER"", ""goodTillDate"": 0, ""updateTime"": 1772006523568}
Order OK: {""orderId"": 95494633, ""symbol"": ""WIFUSDT"", ""status"": ""NEW"", ""clientOrderId"": ""wGnQU4igT04b7qyCsT24YH"", ""price"": ""0.0000000"", ""avgPrice"": ""0.00"", ""origQty"": ""511.2"", ""executedQty"": ""0.0"", ""cumQty"": ""0.0"", ""cumQuote"": ""0.00000000"", ""timeInForce"": ""GTC"", ""type"": ""MARKET"", ""reduceOnly"": false, ""closePosition"": false, ""side"": ""SELL"", ""positionSide"": ""BOTH"", ""stopPrice"": ""0.0000000"", ""workingType"": ""CONTRACT_PRICE"", ""priceProtect"": false, ""origType"": ""MARKET"", ""priceMatch"": ""NONE"", ""selfTradePreventionMode"": ""EXPIRE_MAKER"", ""goodTillDate"": 0, ""updateTime"": 1772006530761}
Order OK: {""orderId"": 110762481, ""symbol"": ""WUSDT"", ""status"": ""NEW"", ""clientOrderId"": ""ZpboNHvHFymPAfMCb1rXwg"", ""price"": ""0.0000000"", ""avgPrice"": ""0.00"", ""origQty"": ""5232.8"", ""executedQty"": ""0.0"", ""cumQty"": ""0.0"", ""cumQuote"": ""0.00000000"", ""timeInForce"": ""GTC"", ""type"": ""MARKET"", ""reduceOnly"": false, ""closePosition"": false, ""side"": ""SELL"", ""positionSide"": ""BOTH"", ""stopPrice"": ""0.0000000"", ""workingType"": ""CONTRACT_PRICE"", ""priceProtect"": false, ""origType"": ""MARKET"", ""priceMatch"": ""NONE"", ""selfTradePreventionMode"": ""EXPIRE_MAKER"", ""goodTillDate"": 0, ""updateTime"": 1772006539205}
Order OK: {""orderId"": 69923992, ""symbol"": ""MEWUSDT"", ""status"": ""NEW"", ""clientOrderId"": ""0sSo2eSY2A1vyg6wRo03x8"", ""price"": ""0.0000000"", ""avgPrice"": ""0.00"", ""origQty"": ""170068"", ""executedQty"": ""0"", ""cumQty"": ""0"", ""cumQuote"": ""0.0000000"", ""timeInForce"": ""GTC"", ""type"": ""MARKET"", ""reduceOnly"": false, ""closePosition"": false, ""side"": ""SELL"", ""positionSide"": ""BOTH"", ""stopPrice"": ""0.0000000"", ""workingType"": ""CONTRACT_PRICE"", ""priceProtect"": false, ""origType"": ""MARKET"", ""priceMatch"": ""NONE"", ""selfTradePreventionMode"": ""EXPIRE_MAKER"", ""goodTillDate"": 0, ""updateTime"": 1772006547700}
Order OK: {""orderId"": 74536652, ""symbol"": ""POPCATUSDT"", ""status"": ""NEW"", ""clientOrderId"": ""6gciqRvwC0Zu43CM6QM54c"", ""price"": ""0.0000000"", ""avgPrice"": ""0.00"", ""origQty"": ""2079"", ""executedQty"": ""0"", ""cumQty"": ""0"", ""cumQuote"": ""0.0000000"", ""timeInForce"": ""GTC"", ""type"": ""MARKET"", ""reduceOnly"": false, ""closePosition"": false, ""side"": ""SELL"", ""positionSide"": ""BOTH"", ""stopPrice"": ""0.0000000"", ""workingType"": ""CONTRACT_PRICE"", ""priceProtect"": false, ""origType"": ""MARKET"", ""priceMatch"": ""NONE"", ""selfTradePreventionMode"": ""EXPIRE_MAKER"", ""goodTillDate"": 0, ""updateTime"": 1772006556195}
Order OK: {""orderId"": 201790151, ""symbol"": ""DOGSUSDT"", ""status"": ""NEW"", ""clientOrderId"": ""81ttCqfNRFvtpmq1uFe1K3"", ""price"": ""0.0000000"", ""avgPrice"": ""0.00"", ""origQty"": ""3745318"", ""executedQty"": ""0"", ""cumQty"": ""0"", ""cumQuote"": ""0.0000000"", ""timeInForce"": ""GTC"", ""type"": ""MARKET"", ""reduceOnly"": false, ""closePosition"": false, ""side"": ""SELL"", ""positionSide"": ""BOTH"", ""stopPrice"": ""0.0000000"", ""workingType"": ""CONTRACT_PRICE"", ""priceProtect"": false, ""origType"": ""MARKET"", ""priceMatch"": ""NONE"", ""selfTradePreventionMode"": ""EXPIRE_MAKER"", ""goodTillDate"": 0, ""updateTime"": 1772006558586}
Order OK: {""orderId"": 73929770, ""symbol"": ""GOATUSDT"", ""status"": ""NEW"", ""clientOrderId"": ""5czM8bQCb8tWV91d0u7awH"", ""price"": ""0.0000000"", ""avgPrice"": ""0.00"", ""origQty"": ""5230"", ""executedQty"": ""0"", ""cumQty"": ""0"", ""cumQuote"": ""0.0000000"", ""timeInForce"": ""GTC"", ""type"": ""MARKET"", ""reduceOnly"": false, ""closePosition"": false, ""side"": ""SELL"", ""positionSide"": ""BOTH"", ""stopPrice"": ""0.0000000"", ""workingType"": ""CONTRACT_PRICE"", ""priceProtect"": false, ""origType"": ""MARKET"", ""priceMatch"": ""NONE"", ""selfTradePreventionMode"": ""EXPIRE_MAKER"", ""goodTillDate"": 0, ""updateTime"": 1772006563048}
Order OK: {""orderId"": 57085099, ""symbol"": ""MOODENGUSDT"", ""status"": ""NEW"", ""clientOrderId"": ""IgkD7bSlMRpVeoEvfhy2PL"", ""price"": ""0.0000000"", ""avgPrice"": ""0.00"", ""origQty"": ""1948"", ""executedQty"": ""0"", ""cumQty"": ""0"", ""cumQuote"": ""0.0000000"", ""timeInForce"": ""GTC"", ""type"": ""MARKET"", ""reduceOnly"": false, ""closePosition"": false, ""side"": ""SELL"", ""positionSide"": ""BOTH"", ""stopPrice"": ""0.0000000"", ""workingType"": ""CONTRACT_PRICE"", ""priceProtect"": false, ""origType"": ""MARKET"", ""priceMatch"": ""NONE"", ""selfTradePreventionMode"": ""EXPIRE_MAKER"", ""goodTillDate"": 0, ""updateTime"": 1772006566879}
Order OK: {""orderId"": 48063176, ""symbol"": ""1000CHEEMSUSDT"", ""status"": ""NEW"", ""clientOrderId"": ""8jClk8RPSeJ099Pa3ReE1M"", ""price"": ""0.0000000"", ""avgPrice"": ""0.00"", ""origQty"": ""231588"", ""executedQty"": ""0"", ""cumQty"": ""0"", ""cumQuote"": ""0.0000000"", ""timeInForce"": ""GTC"", ""type"": ""MARKET"", ""reduceOnly"": false, ""closePosition"": false, ""side"": ""SELL"", ""positionSide"": ""BOTH"", ""stopPrice"": ""0.0000000"", ""workingType"": ""CONTRACT_PRICE"", ""priceProtect"": false, ""origType"": ""MARKET"", ""priceMatch"": ""NONE"", ""selfTradePreventionMode"": ""EXPIRE_MAKER"", ""goodTillDate"": 0, ""updateTime"": 1772006581325}","Order FAILED for 1000SHIBUSDT: Binance error 400: {'code': -1000, 'msg': 'An unknown error occurred while processing the request.'}
Order FAILED for PEOPLEUSDT: Binance error 400: {'code': -1000, 'msg': 'An unknown error occurred while processing the request.'}
Order FAILED for MEMEUSDT: Binance error 400: {'code': -1000, 'msg': 'An unknown error occurred while processing the request.'}
Order FAILED for 1000BONKUSDT: Binance error 400: {'code': -1000, 'msg': 'An unknown error occurred while processing the request.'}
Order FAILED for MYROUSDT: Binance error 400: {'code': -1000, 'msg': 'An unknown error occurred while processing the request.'}
Order FAILED for BOMEUSDT: Binance error 400: {'code': -1000, 'msg': 'An unknown error occurred while processing the request.'}
Order FAILED for NOTUSDT: Binance error 400: {'code': -1000, 'msg': 'An unknown error occurred while processing the request.'}
Order FAILED for TURBOUSDT: Binance error 400: {'code': -1000, 'msg': 'An unknown error occurred while processing the request.'}
Order FAILED for BANANAUSDT: Binance error 400: {'code': -1000, 'msg': 'An unknown error occurred while processing the request.'}
Order FAILED for BRETTUSDT: Binance error 400: {'code': -1000, 'msg': 'An unknown error occurred while processing the request.'}
Order FAILED for NEIROUSDT: Binance error 400: {'code': -1000, 'msg': 'An unknown error occurred while processing the request.'}
Order FAILED for 1000000MOGUSDT: Binance error 400: {'code': -1000, 'msg': 'An unknown error occurred while processing the request.'}
Order FAILED for BANUSDT: ('Connection aborted.', ConnectionResetError(54, 'Connection reset by peer'))
Order FAILED for SLERFUSDT: Binance error 400: {'code': -1000, 'msg': 'An unknown error occurred while processing the request.'}
Order FAILED for SPXUSDT: Binance error 400: {'code': -1000, 'msg': 'An unknown error occurred while processing the request.'}
Order FAILED for PENGUUSDT: Binance error 400: {'code': -1000, 'msg': 'An unknown error occurred while processing the request.'}
Order FAILED for FARTCOINUSDT: Binance error 400: {'code': -1000, 'msg': 'An unknown error occurred while processing the request.'}
Order FAILED for COOKIEUSDT: Binance error 400: {'code': -1000, 'msg': 'An unknown error occurred while processing the request.'}
Order FAILED for TRUMPUSDT: Binance error 400: {'code': -1000, 'msg': 'An unknown error occurred while processing the request.'}
Order FAILED for MELANIAUSDT: Binance error 400: {'code': -1000, 'msg': 'An unknown error occurred while processing the request.'}","currency,size_usdt,direct,lever
1000SHIBUSDT,100,SHORT,2
PEOPLEUSDT,100,SHORT,2
1000PEPEUSDT,100,SHORT,2
1000FLOKIUSDT,100,SHORT,2
MEMEUSDT,100,SHORT,2
1000BONKUSDT,100,SHORT,2
WIFUSDT,100,SHORT,2
MYROUSDT,100,SHORT,2
BOMEUSDT,100,SHORT,2
WUSDT,100,SHORT,2
NOTUSDT,100,SHORT,2
TURBOUSDT,100,SHORT,2
MEWUSDT,100,SHORT,2
BANANAUSDT,100,SHORT,2
BRETTUSDT,100,SHORT,2
POPCATUSDT,100,SHORT,2
DOGSUSDT,100,SHORT,2
NEIROUSDT,100,SHORT,2
GOATUSDT,100,SHORT,2
MOODENGUSDT,100,SHORT,2
1000000MOGUSDT,100,SHORT,2
BANUSDT,100,SHORT,2
SLERFUSDT,100,SHORT,2
1000CHEEMSUSDT,100,SHORT,2
SPXUSDT,100,SHORT,2
PENGUUSDT,100,SHORT,2
FARTCOINUSDT,100,SHORT,2
COOKIEUSDT,100,SHORT,2
TRUMPUSDT,100,SHORT,2
MELANIAUSDT,100,SHORT,2"
2026-02-26T05:30:23.081479Z,chat_execute,37,1,"Order OK: {""orderId"": 75544659, ""symbol"": ""BOMEUSDT"", ""status"": ""NEW"", ""clientOrderId"": ""rPNJbaOiaWpMhP1crDbrbH"", ""price"": ""0.0000000"", ""avgPrice"": ""0.00"", ""origQty"": ""248015"", ""executedQty"": ""0"", ""cumQty"": ""0"", ""cumQuote"": ""0.0000000"", ""timeInForce"": ""GTC"", ""type"": ""MARKET"", ""reduceOnly"": false, ""closePosition"": false, ""side"": ""SELL"", ""positionSide"": ""BOTH"", ""stopPrice"": ""0.0000000"", ""workingType"": ""CONTRACT_PRICE"", ""priceProtect"": false, ""origType"": ""MARKET"", ""priceMatch"": ""NONE"", ""selfTradePreventionMode"": ""EXPIRE_MAKER"", ""goodTillDate"": 0, ""updateTime"": 1772083714235}
Order OK: {""orderId"": 71541735, ""symbol"": ""BANANAUSDT"", ""status"": ""NEW"", ""clientOrderId"": ""uppcledLmzjZ8BGxAwBwGV"", ""price"": ""0.0000000"", ""avgPrice"": ""0.00"", ""origQty"": ""22.7"", ""executedQty"": ""0.0"", ""cumQty"": ""0.0"", ""cumQuote"": ""0.00000000"", ""timeInForce"": ""GTC"", ""type"": ""MARKET"", ""reduceOnly"": false, ""closePosition"": false, ""side"": ""SELL"", ""positionSide"": ""BOTH"", ""stopPrice"": ""0.0000000"", ""workingType"": ""CONTRACT_PRICE"", ""priceProtect"": false, ""origType"": ""MARKET"", ""priceMatch"": ""NONE"", ""selfTradePreventionMode"": ""EXPIRE_MAKER"", ""goodTillDate"": 0, ""updateTime"": 1772083723391}
Order OK: {""orderId"": 71632384, ""symbol"": ""BANUSDT"", ""status"": ""NEW"", ""clientOrderId"": ""Wp7mfRVTgciVx0khkqM7Vy"", ""price"": ""0.0000000"", ""avgPrice"": ""0.00"", ""origQty"": ""930"", ""executedQty"": ""0"", ""cumQty"": ""0"", ""cumQuote"": ""0.0000000"", ""timeInForce"": ""GTC"", ""type"": ""MARKET"", ""reduceOnly"": false, ""closePosition"": false, ""side"": ""SELL"", ""positionSide"": ""BOTH"", ""stopPrice"": ""0.0000000"", ""workingType"": ""CONTRACT_PRICE"", ""priceProtect"": false, ""origType"": ""MARKET"", ""priceMatch"": ""NONE"", ""selfTradePreventionMode"": ""EXPIRE_MAKER"", ""goodTillDate"": 0, ""updateTime"": 1772083740319}
Order OK: {""orderId"": 68025324, ""symbol"": ""1000WHYUSDT"", ""status"": ""NEW"", ""clientOrderId"": ""Pa18wGiAIKrPJ8GxoUHg75"", ""price"": ""0.0000000"", ""avgPrice"": ""0.00"", ""origQty"": ""8928571"", ""executedQty"": ""0"", ""cumQty"": ""0"", ""cumQuote"": ""0.0000000"", ""timeInForce"": ""GTC"", ""type"": ""MARKET"", ""reduceOnly"": false, ""closePosition"": false, ""side"": ""SELL"", ""positionSide"": ""BOTH"", ""stopPrice"": ""0.0000000"", ""workingType"": ""CONTRACT_PRICE"", ""priceProtect"": false, ""origType"": ""MARKET"", ""priceMatch"": ""NONE"", ""selfTradePreventionMode"": ""EXPIRE_MAKER"", ""goodTillDate"": 0, ""updateTime"": 1772083745784}
Order OK: {""orderId"": 82721429, ""symbol"": ""THEUSDT"", ""status"": ""NEW"", ""clientOrderId"": ""JPo5J8zad0FJNS15y8bzYA"", ""price"": ""0.0000000"", ""avgPrice"": ""0.00"", ""origQty"": ""378.9"", ""executedQty"": ""0.0"", ""cumQty"": ""0.0"", ""cumQuote"": ""0.00000000"", ""timeInForce"": ""GTC"", ""type"": ""MARKET"", ""reduceOnly"": false, ""closePosition"": false, ""side"": ""SELL"", ""positionSide"": ""BOTH"", ""stopPrice"": ""0.0000000"", ""workingType"": ""CONTRACT_PRICE"", ""priceProtect"": false, ""origType"": ""MARKET"", ""priceMatch"": ""NONE"", ""selfTradePreventionMode"": ""EXPIRE_MAKER"", ""goodTillDate"": 0, ""updateTime"": 1772083749025}
Order OK: {""orderId"": 147859191, ""symbol"": ""PENGUUSDT"", ""status"": ""NEW"", ""clientOrderId"": ""tbEpSkIIJKJnGWDPsUFl2A"", ""price"": ""0.0000000"", ""avgPrice"": ""0.00"", ""origQty"": ""13972"", ""executedQty"": ""0"", ""cumQty"": ""0"", ""cumQuote"": ""0.0000000"", ""timeInForce"": ""GTC"", ""type"": ""MARKET"", ""reduceOnly"": false, ""closePosition"": false, ""side"": ""SELL"", ""positionSide"": ""BOTH"", ""stopPrice"": ""0.0000000"", ""workingType"": ""CONTRACT_PRICE"", ""priceProtect"": false, ""origType"": ""MARKET"", ""priceMatch"": ""NONE"", ""selfTradePreventionMode"": ""EXPIRE_MAKER"", ""goodTillDate"": 0, ""updateTime"": 1772083754081}
Order OK: {""orderId"": 105442363, ""symbol"": ""MELANIAUSDT"", ""status"": ""NEW"", ""clientOrderId"": ""HaDriKJVlg6USBn1wLsmSh"", ""price"": ""0.000000"", ""avgPrice"": ""0.00"", ""origQty"": ""883.39"", ""executedQty"": ""0.00"", ""cumQty"": ""0.00"", ""cumQuote"": ""0.00000000"", ""timeInForce"": ""GTC"", ""type"": ""MARKET"", ""reduceOnly"": false, ""closePosition"": false, ""side"": ""SELL"", ""positionSide"": ""BOTH"", ""stopPrice"": ""0.000000"", ""workingType"": ""CONTRACT_PRICE"", ""priceProtect"": false, ""origType"": ""MARKET"", ""priceMatch"": ""NONE"", ""selfTradePreventionMode"": ""EXPIRE_MAKER"", ""goodTillDate"": 0, ""updateTime"": 1772083769776}
Order OK: {""orderId"": 72131457, ""symbol"": ""VINEUSDT"", ""status"": ""NEW"", ""clientOrderId"": ""dIiCTFUOscSVULsbxP6zzH"", ""price"": ""0.0000000"", ""avgPrice"": ""0.00"", ""origQty"": ""5757"", ""executedQty"": ""0"", ""cumQty"": ""0"", ""cumQuote"": ""0.0000000"", ""timeInForce"": ""GTC"", ""type"": ""MARKET"", ""reduceOnly"": false, ""closePosition"": false, ""side"": ""SELL"", ""positionSide"": ""BOTH"", ""stopPrice"": ""0.0000000"", ""workingType"": ""CONTRACT_PRICE"", ""priceProtect"": false, ""origType"": ""MARKET"", ""priceMatch"": ""NONE"", ""selfTradePreventionMode"": ""EXPIRE_MAKER"", ""goodTillDate"": 0, ""updateTime"": 1772083780283}","Order FAILED for 1000SHIBUSDT: Binance error 400: {'code': -1000, 'msg': 'An unknown error occurred while processing the request.'}
Order FAILED for PEOPLEUSDT: Binance error 400: {'code': -1000, 'msg': 'An unknown error occurred while processing the request.'}
Order FAILED for MEMEUSDT: Binance error 400: {'code': -1000, 'msg': 'An unknown error occurred while processing the request.'}
Order FAILED for 1000BONKUSDT: Binance error 400: {'code': -1000, 'msg': 'An unknown error occurred while processing the request.'}
Order FAILED for MYROUSDT: Binance error 400: {'code': -1021, 'msg': 'Timestamp for this request is outside of the recvWindow.'}
Order FAILED for NOTUSDT: Binance error 400: {'code': -1000, 'msg': 'An unknown error occurred while processing the request.'}
Order FAILED for TURBOUSDT: Binance error 400: {'code': -1000, 'msg': 'An unknown error occurred while processing the request.'}
Order FAILED for BRETTUSDT: Binance error 400: {'code': -1000, 'msg': 'An unknown error occurred while processing the request.'}
Order FAILED for NEIROUSDT: Binance error 400: {'code': -1000, 'msg': 'An unknown error occurred while processing the request.'}
Order FAILED for CATIUSDT: Binance error 400: {'code': -1000, 'msg': 'An unknown error occurred while processing the request.'}
Order FAILED for PONKEUSDT: Binance error 400: {'code': -1000, 'msg': 'An unknown error occurred while processing the request.'}
Order FAILED for 1000000MOGUSDT: Binance error 400: {'code': -1000, 'msg': 'An unknown error occurred while processing the request.'}
Order FAILED for DEGENUSDT: Binance error 400: {'code': -1000, 'msg': 'An unknown error occurred while processing the request.'}
Order FAILED for SLERFUSDT: Binance error 400: {'code': -1000, 'msg': 'An unknown error occurred while processing the request.'}
Order FAILED for SPXUSDT: Binance error 400: {'code': -1000, 'msg': 'An unknown error occurred while processing the request.'}
Order FAILED for FARTCOINUSDT: Binance error 400: {'code': -1000, 'msg': 'An unknown error occurred while processing the request.'}
Order FAILED for COOKIEUSDT: Binance error 400: {'code': -1000, 'msg': 'An unknown error occurred while processing the request.'}
Order FAILED for TRUMPUSDT: Binance error 400: {'code': -1000, 'msg': 'An unknown error occurred while processing the request.'}
Order FAILED for ANIMEUSDT: Binance error 400: {'code': -1000, 'msg': 'An unknown error occurred while processing the request.'}
Order FAILED for BANKUSDT: Binance error 400: {'code': -1000, 'msg': 'An unknown error occurred while processing the request.'}
Order FAILED for MERLUSDT: Binance error 400: {'code': -1000, 'msg': 'An unknown error occurred while processing the request.'}
Order FAILED for 1000000BOBUSDT: Binance error 400: {'code': -1000, 'msg': 'An unknown error occurred while processing the request.'}
Order FAILED for NEWTUSDT: Binance error 400: {'code': -1000, 'msg': 'An unknown error occurred while processing the request.'}
Order FAILED for BULLAUSDT: Binance error 400: {'code': -1021, 'msg': 'Timestamp for this request is outside of the recvWindow.'}
Order FAILED for TOSHIUSDT: Binance error 400: {'code': -1021, 'msg': 'Timestamp for this request is outside of the recvWindow.'}
Order FAILED for MONUSDT: Binance error 400: {'code': -1000, 'msg': 'An unknown error occurred while processing the request.'}
Order FAILED for COMMONUSDT: Binance error 400: {'code': -1000, 'msg': 'An unknown error occurred while processing the request.'}
Order FAILED for CLANKERUSDT: Binance error 400: {'code': -1000, 'msg': 'An unknown error occurred while processing the request.'}
Order FAILED for BOBUSDT: Binance error 400: {'code': -1000, 'msg': 'An unknown error occurred while processing the request.'}","currency,size_usdt,direct,lever
1000SHIBUSDT,100,SHORT,2
PEOPLEUSDT,100,SHORT,2
MEMEUSDT,100,SHORT,2
1000BONKUSDT,100,SHORT,2
MYROUSDT,100,SHORT,2
BOMEUSDT,100,SHORT,2
NOTUSDT,100,SHORT,2
TURBOUSDT,100,SHORT,2
BANANAUSDT,100,SHORT,2
BRETTUSDT,100,SHORT,2
NEIROUSDT,100,SHORT,2
CATIUSDT,100,SHORT,2
PONKEUSDT,100,SHORT,2
1000000MOGUSDT,100,SHORT,2
DEGENUSDT,100,SHORT,2
BANUSDT,100,SHORT,2
SLERFUSDT,100,SHORT,2
1000WHYUSDT,100,SHORT,2
THEUSDT,100,SHORT,2
SPXUSDT,100,SHORT,2
PENGUUSDT,100,SHORT,2
FARTCOINUSDT,100,SHORT,2
COOKIEUSDT,100,SHORT,2
TRUMPUSDT,100,SHORT,2
MELANIAUSDT,100,SHORT,2
ANIMEUSDT,100,SHORT,2
VINEUSDT,100,SHORT,2
BANKUSDT,100,SHORT,2
MERLUSDT,100,SHORT,2
1000000BOBUSDT,100,SHORT,2
NEWTUSDT,100,SHORT,2
BULLAUSDT,100,SHORT,2
TOSHIUSDT,100,SHORT,2
MONUSDT,100,SHORT,2
COMMONUSDT,100,SHORT,2
CLANKERUSDT,100,SHORT,2
BOBUSDT,100,SHORT,2"
2026-02-26T05:53:37.422337Z,chat_execute,20,1,"Order OK: {""orderId"": 12548803338, ""symbol"": ""BTCUSDT"", ""status"": ""NEW"", ""clientOrderId"": ""GpZA3qzZntvHHkAx3oIv7O"", ""price"": ""0.00"", ""avgPrice"": ""0.00"", ""origQty"": ""0.002"", ""executedQty"": ""0.000"", ""cumQty"": ""0.000"", ""cumQuote"": ""0.00000"", ""timeInForce"": ""GTC"", ""type"": ""MARKET"", ""reduceOnly"": false, ""closePosition"": false, ""side"": ""SELL"", ""positionSide"": ""BOTH"", ""stopPrice"": ""0.00"", ""workingType"": ""CONTRACT_PRICE"", ""priceProtect"": false, ""origType"": ""MARKET"", ""priceMatch"": ""NONE"", ""selfTradePreventionMode"": ""EXPIRE_MAKER"", ""goodTillDate"": 0, ""updateTime"": 1772085174429}
Order OK: {""orderId"": 8430559417, ""symbol"": ""ETHUSDT"", ""status"": ""NEW"", ""clientOrderId"": ""U2bYbBSzvzqGmbq2raMzYX"", ""price"": ""0.00"", ""avgPrice"": ""0.00"", ""origQty"": ""0.072"", ""executedQty"": ""0.000"", ""cumQty"": ""0.000"", ""cumQuote"": ""0.00000"", ""timeInForce"": ""GTC"", ""type"": ""MARKET"", ""reduceOnly"": false, ""closePosition"": false, ""side"": ""SELL"", ""positionSide"": ""BOTH"", ""stopPrice"": ""0.00"", ""workingType"": ""CONTRACT_PRICE"", ""priceProtect"": false, ""origType"": ""MARKET"", ""priceMatch"": ""NONE"", ""selfTradePreventionMode"": ""EXPIRE_MAKER"", ""goodTillDate"": 0, ""updateTime"": 1772085176819}
Order OK: {""orderId"": 1732359952, ""symbol"": ""SOLUSDT"", ""status"": ""NEW"", ""clientOrderId"": ""GM8y8hd45KfsSu6amKIuZF"", ""price"": ""0.0000"", ""avgPrice"": ""0.00"", ""origQty"": ""1.71"", ""executedQty"": ""0.00"", ""cumQty"": ""0.00"", ""cumQuote"": ""0.000000"", ""timeInForce"": ""GTC"", ""type"": ""MARKET"", ""reduceOnly"": false, ""closePosition"": false, ""side"": ""SELL"", ""positionSide"": ""BOTH"", ""stopPrice"": ""0.0000"", ""workingType"": ""CONTRACT_PRICE"", ""priceProtect"": false, ""origType"": ""MARKET"", ""priceMatch"": ""NONE"", ""selfTradePreventionMode"": ""EXPIRE_MAKER"", ""goodTillDate"": 0, ""updateTime"": 1772085179390}
Order OK: {""orderId"": 588691999, ""symbol"": ""ADAUSDT"", ""status"": ""NEW"", ""clientOrderId"": ""qbeohMrhHTXxdRzurljqw4"", ""price"": ""0.00000"", ""avgPrice"": ""0.00"", ""origQty"": ""508"", ""executedQty"": ""0"", ""cumQty"": ""0"", ""cumQuote"": ""0.00000"", ""timeInForce"": ""GTC"", ""type"": ""MARKET"", ""reduceOnly"": false, ""closePosition"": false, ""side"": ""SELL"", ""positionSide"": ""BOTH"", ""stopPrice"": ""0.00000"", ""workingType"": ""CONTRACT_PRICE"", ""priceProtect"": false, ""origType"": ""MARKET"", ""priceMatch"": ""NONE"", ""selfTradePreventionMode"": ""EXPIRE_MAKER"", ""goodTillDate"": 0, ""updateTime"": 1772085186667}
Order OK: {""orderId"": 172963200, ""symbol"": ""AVAXUSDT"", ""status"": ""NEW"", ""clientOrderId"": ""30wc1DWw7gKsHW41hVGkfD"", ""price"": ""0.0000"", ""avgPrice"": ""0.00"", ""origQty"": ""15"", ""executedQty"": ""0"", ""cumQty"": ""0"", ""cumQuote"": ""0.0000"", ""timeInForce"": ""GTC"", ""type"": ""MARKET"", ""reduceOnly"": false, ""closePosition"": false, ""side"": ""SELL"", ""positionSide"": ""BOTH"", ""stopPrice"": ""0.0000"", ""workingType"": ""CONTRACT_PRICE"", ""priceProtect"": false, ""origType"": ""MARKET"", ""priceMatch"": ""NONE"", ""selfTradePreventionMode"": ""EXPIRE_MAKER"", ""goodTillDate"": 0, ""updateTime"": 1772085191307}
Order OK: {""orderId"": 1273404307, ""symbol"": ""BCHUSDT"", ""status"": ""NEW"", ""clientOrderId"": ""oBSS4nRcRqNh2CmQceFQMG"", ""price"": ""0.00"", ""avgPrice"": ""0.00"", ""origQty"": ""0.299"", ""executedQty"": ""0.000"", ""cumQty"": ""0.000"", ""cumQuote"": ""0.00000"", ""timeInForce"": ""GTC"", ""type"": ""MARKET"", ""reduceOnly"": false, ""closePosition"": false, ""side"": ""SELL"", ""positionSide"": ""BOTH"", ""stopPrice"": ""0.00"", ""workingType"": ""CONTRACT_PRICE"", ""priceProtect"": false, ""origType"": ""MARKET"", ""priceMatch"": ""NONE"", ""selfTradePreventionMode"": ""EXPIRE_MAKER"", ""goodTillDate"": 0, ""updateTime"": 1772085193633}
Order OK: {""orderId"": 520367811, ""symbol"": ""SUIUSDT"", ""status"": ""NEW"", ""clientOrderId"": ""ilipcw8NvIHlsLbi6m0QH3"", ""price"": ""0.000000"", ""avgPrice"": ""0.00"", ""origQty"": ""156.7"", ""executedQty"": ""0.0"", ""cumQty"": ""0.0"", ""cumQuote"": ""0.0000000"", ""timeInForce"": ""GTC"", ""type"": ""MARKET"", ""reduceOnly"": false, ""closePosition"": false, ""side"": ""SELL"", ""positionSide"": ""BOTH"", ""stopPrice"": ""0.000000"", ""workingType"": ""CONTRACT_PRICE"", ""priceProtect"": false, ""origType"": ""MARKET"", ""priceMatch"": ""NONE"", ""selfTradePreventionMode"": ""EXPIRE_MAKER"", ""goodTillDate"": 0, ""updateTime"": 1772085196503}
Skipping unsupported symbol: Unknown or unsupported symbol: 'FTMUSDT' (not in Binance USD-M futures)","Order FAILED for BNBUSDT: Binance error 400: {'code': -1000, 'msg': 'An unknown error occurred while processing the request.'}
Order FAILED for XRPUSDT: Binance error 400: {'code': -1000, 'msg': 'An unknown error occurred while processing the request.'}
Order FAILED for DOTUSDT: Binance error 400: {'code': -1000, 'msg': 'An unknown error occurred while processing the request.'}
Order FAILED for APTUSDT: Binance error 400: {'code': -1000, 'msg': 'An unknown error occurred while processing the request.'}
Order FAILED for LTCUSDT: Binance error 400: {'code': -1000, 'msg': 'An unknown error occurred while processing the request.'}
Order FAILED for NEARUSDT: Binance error 400: {'code': -1000, 'msg': 'An unknown error occurred while processing the request.'}
Order FAILED for ETCUSDT: Binance error 400: {'code': -1000, 'msg': 'An unknown error occurred while processing the request.'}
Order SKIP for FTMUSDT: Unknown or unsupported symbol: 'FTMUSDT' (not in Binance USD-M futures)
Order FAILED for TONUSDT: Binance error 400: {'code': -1000, 'msg': 'An unknown error occurred while processing the request.'}
Order FAILED for INJUSDT: Binance error 400: {'code': -1000, 'msg': 'An unknown error occurred while processing the request.'}
Order FAILED for ATOMUSDT: Binance error 400: {'code': -1000, 'msg': 'An unknown error occurred while processing the request.'}
Order FAILED for SEIUSDT: Binance error 400: {'code': -1000, 'msg': 'An unknown error occurred while processing the request.'}
Order FAILED for KSMUSDT: Binance error 400: {'code': -1000, 'msg': 'An unknown error occurred while processing the request.'}","currency,size_usdt,direct,lever
BTCUSDT,150,SHORT,2
ETHUSDT,150,SHORT,2
SOLUSDT,150,SHORT,2
BNBUSDT,150,SHORT,2
XRPUSDT,150,SHORT,2
ADAUSDT,150,SHORT,2
DOTUSDT,150,SHORT,2
AVAXUSDT,150,SHORT,2
BCHUSDT,150,SHORT,2
SUIUSDT,150,SHORT,2
APTUSDT,150,SHORT,2
LTCUSDT,150,SHORT,2
NEARUSDT,150,SHORT,2
ETCUSDT,150,SHORT,2
FTMUSDT,150,SHORT,2
TONUSDT,150,SHORT,2
INJUSDT,150,SHORT,2
ATOMUSDT,150,SHORT,2
SEIUSDT,150,SHORT,2
KSMUSDT,150,SHORT,2"
2026-02-26T06:20:50.202814Z,chat_execute,33,1,"Order OK: {""orderId"": 83204132, ""symbol"": ""LRCUSDT"", ""status"": ""NEW"", ""clientOrderId"": ""dGjYCjLjQZ0u0eYi45thP3"", ""price"": ""0.00000"", ""avgPrice"": ""0.00"", ""origQty"": ""2331"", ""executedQty"": ""0"", ""cumQty"": ""0"", ""cumQuote"": ""0.00000"", ""timeInForce"": ""GTC"", ""type"": ""MARKET"", ""reduceOnly"": false, ""closePosition"": false, ""side"": ""SELL"", ""positionSide"": ""BOTH"", ""stopPrice"": ""0.00000"", ""workingType"": ""CONTRACT_PRICE"", ""priceProtect"": false, ""origType"": ""MARKET"", ""priceMatch"": ""NONE"", ""selfTradePreventionMode"": ""EXPIRE_MAKER"", ""goodTillDate"": 0, ""updateTime"": 1772086713459}
Order OK: {""orderId"": 88120820, ""symbol"": ""SKLUSDT"", ""status"": ""NEW"", ""clientOrderId"": ""Lec8GE9js83Z2ROXHFdQuz"", ""price"": ""0.00000"", ""avgPrice"": ""0.00"", ""origQty"": ""11922"", ""executedQty"": ""0"", ""cumQty"": ""0"", ""cumQuote"": ""0.00000"", ""timeInForce"": ""GTC"", ""type"": ""MARKET"", ""reduceOnly"": false, ""closePosition"": false, ""side"": ""SELL"", ""positionSide"": ""BOTH"", ""stopPrice"": ""0.00000"", ""workingType"": ""CONTRACT_PRICE"", ""priceProtect"": false, ""origType"": ""MARKET"", ""priceMatch"": ""NONE"", ""selfTradePreventionMode"": ""EXPIRE_MAKER"", ""goodTillDate"": 0, ""updateTime"": 1772086718979}
Order OK: {""orderId"": 106407963, ""symbol"": ""CTSIUSDT"", ""status"": ""NEW"", ""clientOrderId"": ""VDf33bhQo1MuQxOqd195xc"", ""price"": ""0.0000"", ""avgPrice"": ""0.00"", ""origQty"": ""3252"", ""executedQty"": ""0"", ""cumQty"": ""0"", ""cumQuote"": ""0.0000"", ""timeInForce"": ""GTC"", ""type"": ""MARKET"", ""reduceOnly"": false, ""closePosition"": false, ""side"": ""SELL"", ""positionSide"": ""BOTH"", ""stopPrice"": ""0.0000"", ""workingType"": ""CONTRACT_PRICE"", ""priceProtect"": false, ""origType"": ""MARKET"", ""priceMatch"": ""NONE"", ""selfTradePreventionMode"": ""EXPIRE_MAKER"", ""goodTillDate"": 0, ""updateTime"": 1772086722604}
Order OK: {""orderId"": 83826525, ""symbol"": ""IMXUSDT"", ""status"": ""NEW"", ""clientOrderId"": ""8EF2Ana1BuD49AoP1j9n9s"", ""price"": ""0.0000"", ""avgPrice"": ""0.00"", ""origQty"": ""468"", ""executedQty"": ""0"", ""cumQty"": ""0"", ""cumQuote"": ""0.0000"", ""timeInForce"": ""GTC"", ""type"": ""MARKET"", ""reduceOnly"": false, ""closePosition"": false, ""side"": ""SELL"", ""positionSide"": ""BOTH"", ""stopPrice"": ""0.0000"", ""workingType"": ""CONTRACT_PRICE"", ""priceProtect"": false, ""origType"": ""MARKET"", ""priceMatch"": ""NONE"", ""selfTradePreventionMode"": ""EXPIRE_MAKER"", ""goodTillDate"": 0, ""updateTime"": 1772086727593}
Order OK: {""orderId"": 137864628, ""symbol"": ""OPUSDT"", ""status"": ""NEW"", ""clientOrderId"": ""OTfoQ0W1qaj47AhKNUPLDC"", ""price"": ""0.0000000"", ""avgPrice"": ""0.00"", ""origQty"": ""642.5"", ""executedQty"": ""0.0"", ""cumQty"": ""0.0"", ""cumQuote"": ""0.00000000"", ""timeInForce"": ""GTC"", ""type"": ""MARKET"", ""reduceOnly"": false, ""closePosition"": false, ""side"": ""SELL"", ""positionSide"": ""BOTH"", ""stopPrice"": ""0.0000000"", ""workingType"": ""CONTRACT_PRICE"", ""priceProtect"": false, ""origType"": ""MARKET"", ""priceMatch"": ""NONE"", ""selfTradePreventionMode"": ""EXPIRE_MAKER"", ""goodTillDate"": 0, ""updateTime"": 1772086730934}
Order OK: {""orderId"": 121269116, ""symbol"": ""ACHUSDT"", ""status"": ""NEW"", ""clientOrderId"": ""gfaPObx6ue2EBaOICrdW4e"", ""price"": ""0.0000000"", ""avgPrice"": ""0.00"", ""origQty"": ""10992"", ""executedQty"": ""0"", ""cumQty"": ""0"", ""cumQuote"": ""0.0000000"", ""timeInForce"": ""GTC"", ""type"": ""MARKET"", ""reduceOnly"": false, ""closePosition"": false, ""side"": ""SELL"", ""positionSide"": ""BOTH"", ""stopPrice"": ""0.0000000"", ""workingType"": ""CONTRACT_PRICE"", ""priceProtect"": false, ""origType"": ""MARKET"", ""priceMatch"": ""NONE"", ""selfTradePreventionMode"": ""EXPIRE_MAKER"", ""goodTillDate"": 0, ""updateTime"": 1772086735669}
Order OK: {""orderId"": 96076048, ""symbol"": ""ARBUSDT"", ""status"": ""NEW"", ""clientOrderId"": ""cRhKOvhEcmic7TNMPvxP20"", ""price"": ""0.000000"", ""avgPrice"": ""0.00"", ""origQty"": ""792.8"", ""executedQty"": ""0.0"", ""cumQty"": ""0.0"", ""cumQuote"": ""0.0000000"", ""timeInForce"": ""GTC"", ""type"": ""MARKET"", ""reduceOnly"": false, ""closePosition"": false, ""side"": ""SELL"", ""positionSide"": ""BOTH"", ""stopPrice"": ""0.000000"", ""workingType"": ""CONTRACT_PRICE"", ""priceProtect"": false, ""origType"": ""MARKET"", ""priceMatch"": ""NONE"", ""selfTradePreventionMode"": ""EXPIRE_MAKER"", ""goodTillDate"": 0, ""updateTime"": 1772086739121}
Skipping unsupported symbol: Unknown or unsupported symbol: 'LOOMUSDT' (not in Binance USD-M futures)
Skipping unsupported symbol: Unknown or unsupported symbol: 'STPTUSDT' (not in Binance USD-M futures)
Order OK: {""orderId"": 46797981, ""symbol"": ""RIFUSDT"", ""status"": ""NEW"", ""clientOrderId"": ""5yqoJxvD7JM6ljYPOvnFi3"", ""price"": ""0.0000000"", ""avgPrice"": ""0.00"", ""origQty"": ""2469"", ""executedQty"": ""0"", ""cumQty"": ""0"", ""cumQuote"": ""0.0000000"", ""timeInForce"": ""GTC"", ""type"": ""MARKET"", ""reduceOnly"": false, ""closePosition"": false, ""side"": ""SELL"", ""positionSide"": ""BOTH"", ""stopPrice"": ""0.0000000"", ""workingType"": ""CONTRACT_PRICE"", ""priceProtect"": false, ""origType"": ""MARKET"", ""priceMatch"": ""NONE"", ""selfTradePreventionMode"": ""EXPIRE_MAKER"", ""goodTillDate"": 0, ""updateTime"": 1772086743865}
Order OK: {""orderId"": 72194293, ""symbol"": ""MANTAUSDT"", ""status"": ""NEW"", ""clientOrderId"": ""148ajIg3kLahB1jTVCuA8u"", ""price"": ""0.0000000"", ""avgPrice"": ""0.00"", ""origQty"": ""1221.3"", ""executedQty"": ""0.0"", ""cumQty"": ""0.0"", ""cumQuote"": ""0.00000000"", ""timeInForce"": ""GTC"", ""type"": ""MARKET"", ""reduceOnly"": false, ""closePosition"": false, ""side"": ""SELL"", ""positionSide"": ""BOTH"", ""stopPrice"": ""0.0000000"", ""workingType"": ""CONTRACT_PRICE"", ""priceProtect"": false, ""origType"": ""MARKET"", ""priceMatch"": ""NONE"", ""selfTradePreventionMode"": ""EXPIRE_MAKER"", ""goodTillDate"": 0, ""updateTime"": 1772086748908}
Order OK: {""orderId"": 106835355, ""symbol"": ""ALTUSDT"", ""status"": ""NEW"", ""clientOrderId"": ""lPx7YBBVBRU1OXWXhXtwMm"", ""price"": ""0.0000000"", ""avgPrice"": ""0.00"", ""origQty"": ""10540"", ""executedQty"": ""0"", ""cumQty"": ""0"", ""cumQuote"": ""0.0000000"", ""timeInForce"": ""GTC"", ""type"": ""MARKET"", ""reduceOnly"": false, ""closePosition"": false, ""side"": ""SELL"", ""positionSide"": ""BOTH"", ""stopPrice"": ""0.0000000"", ""workingType"": ""CONTRACT_PRICE"", ""priceProtect"": false, ""origType"": ""MARKET"", ""priceMatch"": ""NONE"", ""selfTradePreventionMode"": ""EXPIRE_MAKER"", ""goodTillDate"": 0, ""updateTime"": 1772086754478}
Order OK: {""orderId"": 100875456, ""symbol"": ""STRKUSDT"", ""status"": ""NEW"", ""clientOrderId"": ""glYPhvL0bKZCli240ykib0"", ""price"": ""0.0000000"", ""avgPrice"": ""0.00"", ""origQty"": ""1801.8"", ""executedQty"": ""0.0"", ""cumQty"": ""0.0"", ""cumQuote"": ""0.00000000"", ""timeInForce"": ""GTC"", ""type"": ""MARKET"", ""reduceOnly"": false, ""closePosition"": false, ""side"": ""SELL"", ""positionSide"": ""BOTH"", ""stopPrice"": ""0.0000000"", ""workingType"": ""CONTRACT_PRICE"", ""priceProtect"": false, ""origType"": ""MARKET"", ""priceMatch"": ""NONE"", ""selfTradePreventionMode"": ""EXPIRE_MAKER"", ""goodTillDate"": 0, ""updateTime"": 1772086759138}
Order OK: {""orderId"": 64856948, ""symbol"": ""METISUSDT"", ""status"": ""NEW"", ""clientOrderId"": ""LGhvSxuDghzpPsVgI0UOsJ"", ""price"": ""0.0000"", ""avgPrice"": ""0.00"", ""origQty"": ""23.82"", ""executedQty"": ""0.00"", ""cumQty"": ""0.00"", ""cumQuote"": ""0.000000"", ""timeInForce"": ""GTC"", ""type"": ""MARKET"", ""reduceOnly"": false, ""closePosition"": false, ""side"": ""SELL"", ""positionSide"": ""BOTH"", ""stopPrice"": ""0.0000"", ""workingType"": ""CONTRACT_PRICE"", ""priceProtect"": false, ""origType"": ""MARKET"", ""priceMatch"": ""NONE"", ""selfTradePreventionMode"": ""EXPIRE_MAKER"", ""goodTillDate"": 0, ""updateTime"": 1772086764348}
Order OK: {""orderId"": 84849929, ""symbol"": ""REZUSDT"", ""status"": ""NEW"", ""clientOrderId"": ""5VWmU5fntFfJSEoyBy4NA4"", ""price"": ""0.0000000"", ""avgPrice"": ""0.00"", ""origQty"": ""26648"", ""executedQty"": ""0"", ""cumQty"": ""0"", ""cumQuote"": ""0.0000000"", ""timeInForce"": ""GTC"", ""type"": ""MARKET"", ""reduceOnly"": false, ""closePosition"": false, ""side"": ""SELL"", ""positionSide"": ""BOTH"", ""stopPrice"": ""0.0000000"", ""workingType"": ""CONTRACT_PRICE"", ""priceProtect"": false, ""origType"": ""MARKET"", ""priceMatch"": ""NONE"", ""selfTradePreventionMode"": ""EXPIRE_MAKER"", ""goodTillDate"": 0, ""updateTime"": 1772086769298}
Order OK: {""orderId"": 67301109, ""symbol"": ""BBUSDT"", ""status"": ""NEW"", ""clientOrderId"": ""fEZOUzixH7puhWtF5wdMZh"", ""price"": ""0.0000000"", ""avgPrice"": ""0.00"", ""origQty"": ""2954"", ""executedQty"": ""0"", ""cumQty"": ""0"", ""cumQuote"": ""0.0000000"", ""timeInForce"": ""GTC"", ""type"": ""MARKET"", ""reduceOnly"": false, ""closePosition"": false, ""side"": ""SELL"", ""positionSide"": ""BOTH"", ""stopPrice"": ""0.0000000"", ""workingType"": ""CONTRACT_PRICE"", ""priceProtect"": false, ""origType"": ""MARKET"", ""priceMatch"": ""NONE"", ""selfTradePreventionMode"": ""EXPIRE_MAKER"", ""goodTillDate"": 0, ""updateTime"": 1772086774038}
Order OK: {""orderId"": 78227080, ""symbol"": ""ZKUSDT"", ""status"": ""NEW"", ""clientOrderId"": ""5JsU2yfGXG4YSiOFlJ5NaG"", ""price"": ""0.0000000"", ""avgPrice"": ""0.00"", ""origQty"": ""4002"", ""executedQty"": ""0"", ""cumQty"": ""0"", ""cumQuote"": ""0.0000000"", ""timeInForce"": ""GTC"", ""type"": ""MARKET"", ""reduceOnly"": false, ""closePosition"": false, ""side"": ""SELL"", ""positionSide"": ""BOTH"", ""stopPrice"": ""0.0000000"", ""workingType"": ""CONTRACT_PRICE"", ""priceProtect"": false, ""origType"": ""MARKET"", ""priceMatch"": ""NONE"", ""selfTradePreventionMode"": ""EXPIRE_MAKER"", ""goodTillDate"": 0, ""updateTime"": 1772086778387}
Order OK: {""orderId"": 91710178, ""symbol"": ""ZROUSDT"", ""status"": ""NEW"", ""clientOrderId"": ""MGOmdKVSs4Sbj2O1fzD8z7"", ""price"": ""0.0000000"", ""avgPrice"": ""0.00"", ""origQty"": ""50.6"", ""executedQty"": ""0.0"", ""cumQty"": ""0.0"", ""cumQuote"": ""0.00000000"", ""timeInForce"": ""GTC"", ""type"": ""MARKET"", ""reduceOnly"": false, ""closePosition"": false, ""side"": ""SELL"", ""positionSide"": ""BOTH"", ""stopPrice"": ""0.0000000"", ""workingType"": ""CONTRACT_PRICE"", ""priceProtect"": false, ""origType"": ""MARKET"", ""priceMatch"": ""NONE"", ""selfTradePreventionMode"": ""EXPIRE_MAKER"", ""goodTillDate"": 0, ""updateTime"": 1772086783855}
Order OK: {""orderId"": 83862039, ""symbol"": ""POLUSDT"", ""status"": ""NEW"", ""clientOrderId"": ""0fhN0eSBIiXl804ZFxaC0t"", ""price"": ""0.0000000"", ""avgPrice"": ""0.00"", ""origQty"": ""712"", ""executedQty"": ""0"", ""cumQty"": ""0"", ""cumQuote"": ""0.0000000"", ""timeInForce"": ""GTC"", ""type"": ""MARKET"", ""reduceOnly"": false, ""closePosition"": false, ""side"": ""SELL"", ""positionSide"": ""BOTH"", ""stopPrice"": ""0.0000000"", ""workingType"": ""CONTRACT_PRICE"", ""priceProtect"": false, ""origType"": ""MARKET"", ""priceMatch"": ""NONE"", ""selfTradePreventionMode"": ""EXPIRE_MAKER"", ""goodTillDate"": 0, ""updateTime"": 1772086789604}
Order OK: {""orderId"": 62146411, ""symbol"": ""SAFEUSDT"", ""status"": ""NEW"", ""clientOrderId"": ""hIxqOMzZ9ruWIvzUtcAAnU"", ""price"": ""0.0000000"", ""avgPrice"": ""0.00"", ""origQty"": ""747"", ""executedQty"": ""0"", ""cumQty"": ""0"", ""cumQuote"": ""0.0000000"", ""timeInForce"": ""GTC"", ""type"": ""MARKET"", ""reduceOnly"": false, ""closePosition"": false, ""side"": ""SELL"", ""positionSide"": ""BOTH"", ""stopPrice"": ""0.0000000"", ""workingType"": ""CONTRACT_PRICE"", ""priceProtect"": false, ""origType"": ""MARKET"", ""priceMatch"": ""NONE"", ""selfTradePreventionMode"": ""EXPIRE_MAKER"", ""goodTillDate"": 0, ""updateTime"": 1772086794525}
Order OK: {""orderId"": 52372181, ""symbol"": ""PROMUSDT"", ""status"": ""NEW"", ""clientOrderId"": ""vWUXg5Cbnl6I89pDoJ1o4o"", ""price"": ""0.0000000"", ""avgPrice"": ""0.00"", ""origQty"": ""68.3"", ""executedQty"": ""0.0"", ""cumQty"": ""0.0"", ""cumQuote"": ""0.00000000"", ""timeInForce"": ""GTC"", ""type"": ""MARKET"", ""reduceOnly"": false, ""closePosition"": false, ""side"": ""SELL"", ""positionSide"": ""BOTH"", ""stopPrice"": ""0.0000000"", ""workingType"": ""CONTRACT_PRICE"", ""priceProtect"": false, ""origType"": ""MARKET"", ""priceMatch"": ""NONE"", ""selfTradePreventionMode"": ""EXPIRE_MAKER"", ""goodTillDate"": 0, ""updateTime"": 1772086799887}
Order OK: {""orderId"": 89900311, ""symbol"": ""LAYERUSDT"", ""status"": ""NEW"", ""clientOrderId"": ""j928D340GHDaQ22nOx0bKG"", ""price"": ""0.000000"", ""avgPrice"": ""0.00"", ""origQty"": ""929.1"", ""executedQty"": ""0.0"", ""cumQty"": ""0.0"", ""cumQuote"": ""0.0000000"", ""timeInForce"": ""GTC"", ""type"": ""MARKET"", ""reduceOnly"": false, ""closePosition"": false, ""side"": ""SELL"", ""positionSide"": ""BOTH"", ""stopPrice"": ""0.000000"", ""workingType"": ""CONTRACT_PRICE"", ""priceProtect"": false, ""origType"": ""MARKET"", ""priceMatch"": ""NONE"", ""selfTradePreventionMode"": ""EXPIRE_MAKER"", ""goodTillDate"": 0, ""updateTime"": 1772086804799}
Order OK: {""orderId"": 67616055, ""symbol"": ""PLUMEUSDT"", ""status"": ""NEW"", ""clientOrderId"": ""xrXudQWzGQvJxznjXQb3xk"", ""price"": ""0.0000000"", ""avgPrice"": ""0.00"", ""origQty"": ""8376"", ""executedQty"": ""0"", ""cumQty"": ""0"", ""cumQuote"": ""0.0000000"", ""timeInForce"": ""GTC"", ""type"": ""MARKET"", ""reduceOnly"": false, ""closePosition"": false, ""side"": ""SELL"", ""positionSide"": ""BOTH"", ""stopPrice"": ""0.0000000"", ""workingType"": ""CONTRACT_PRICE"", ""priceProtect"": false, ""origType"": ""MARKET"", ""priceMatch"": ""NONE"", ""selfTradePreventionMode"": ""EXPIRE_MAKER"", ""goodTillDate"": 0, ""updateTime"": 1772086809467}
Order OK: {""orderId"": 65159488, ""symbol"": ""NILUSDT"", ""status"": ""NEW"", ""clientOrderId"": ""HnkHGB1LBLs1NjgnP8gCkb"", ""price"": ""0.000000"", ""avgPrice"": ""0.00"", ""origQty"": ""1642.7"", ""executedQty"": ""0.0"", ""cumQty"": ""0.0"", ""cumQuote"": ""0.0000000"", ""timeInForce"": ""GTC"", ""type"": ""MARKET"", ""reduceOnly"": false, ""closePosition"": false, ""side"": ""SELL"", ""positionSide"": ""BOTH"", ""stopPrice"": ""0.000000"", ""workingType"": ""CONTRACT_PRICE"", ""priceProtect"": false, ""origType"": ""MARKET"", ""priceMatch"": ""NONE"", ""selfTradePreventionMode"": ""EXPIRE_MAKER"", ""goodTillDate"": 0, ""updateTime"": 1772086814921}
Order OK: {""orderId"": 79093900, ""symbol"": ""KERNELUSDT"", ""status"": ""NEW"", ""clientOrderId"": ""bWFONAAz4CKeJHLW3w8eT7"", ""price"": ""0.0000000"", ""avgPrice"": ""0.00"", ""origQty"": ""912"", ""executedQty"": ""0"", ""cumQty"": ""0"", ""cumQuote"": ""0.0000000"", ""timeInForce"": ""GTC"", ""type"": ""MARKET"", ""reduceOnly"": false, ""closePosition"": false, ""side"": ""SELL"", ""positionSide"": ""BOTH"", ""stopPrice"": ""0.0000000"", ""workingType"": ""CONTRACT_PRICE"", ""priceProtect"": false, ""origType"": ""MARKET"", ""priceMatch"": ""NONE"", ""selfTradePreventionMode"": ""EXPIRE_MAKER"", ""goodTillDate"": 0, ""updateTime"": 1772086820533}
Order OK: {""orderId"": 43038999, ""symbol"": ""ERAUSDT"", ""status"": ""NEW"", ""clientOrderId"": ""XyfoNoYoDPEn5bMdqAl6uq"", ""price"": ""0.0000000"", ""avgPrice"": ""0.00"", ""origQty"": ""548"", ""executedQty"": ""0"", ""cumQty"": ""0"", ""cumQuote"": ""0.0000000"", ""timeInForce"": ""GTC"", ""type"": ""MARKET"", ""reduceOnly"": false, ""closePosition"": false, ""side"": ""SELL"", ""positionSide"": ""BOTH"", ""stopPrice"": ""0.0000000"", ""workingType"": ""CONTRACT_PRICE"", ""priceProtect"": false, ""origType"": ""MARKET"", ""priceMatch"": ""NONE"", ""selfTradePreventionMode"": ""EXPIRE_MAKER"", ""goodTillDate"": 0, ""updateTime"": 1772086825247}
Order OK: {""orderId"": 85162600, ""symbol"": ""ZORAUSDT"", ""status"": ""NEW"", ""clientOrderId"": ""FV2QKdRculu6gBPZIpadTq"", ""price"": ""0.0000000"", ""avgPrice"": ""0.00"", ""origQty"": ""4104"", ""executedQty"": ""0"", ""cumQty"": ""0"", ""cumQuote"": ""0.0000000"", ""timeInForce"": ""GTC"", ""type"": ""MARKET"", ""reduceOnly"": false, ""closePosition"": false, ""side"": ""SELL"", ""positionSide"": ""BOTH"", ""stopPrice"": ""0.0000000"", ""workingType"": ""CONTRACT_PRICE"", ""priceProtect"": false, ""origType"": ""MARKET"", ""priceMatch"": ""NONE"", ""selfTradePreventionMode"": ""EXPIRE_MAKER"", ""goodTillDate"": 0, ""updateTime"": 1772086829985}
Order OK: {""orderId"": 171661012, ""symbol"": ""BASUSDT"", ""status"": ""NEW"", ""clientOrderId"": ""CB46a4zGrzDMT67DQlt3uS"", ""price"": ""0.0000000"", ""avgPrice"": ""0.00"", ""origQty"": ""12755.1"", ""executedQty"": ""0.0"", ""cumQty"": ""0.0"", ""cumQuote"": ""0.00000000"", ""timeInForce"": ""GTC"", ""type"": ""MARKET"", ""reduceOnly"": false, ""closePosition"": false, ""side"": ""SELL"", ""positionSide"": ""BOTH"", ""stopPrice"": ""0.0000000"", ""workingType"": ""CONTRACT_PRICE"", ""priceProtect"": false, ""origType"": ""MARKET"", ""priceMatch"": ""NONE"", ""selfTradePreventionMode"": ""EXPIRE_MAKER"", ""goodTillDate"": 0, ""updateTime"": 1772086834920}
Skipping unsupported symbol: Unknown or unsupported symbol: 'ZKCUSDT' (not in Binance USD-M futures)
Order OK: {""orderId"": 168023068, ""symbol"": ""LIGHTUSDT"", ""status"": ""NEW"", ""clientOrderId"": ""oTy8BIfSJFWJyLm6sbm1cu"", ""price"": ""0.0000000"", ""avgPrice"": ""0.00"", ""origQty"": ""372"", ""executedQty"": ""0"", ""cumQty"": ""0"", ""cumQuote"": ""0.0000000"", ""timeInForce"": ""GTC"", ""type"": ""MARKET"", ""reduceOnly"": false, ""closePosition"": false, ""side"": ""SELL"", ""positionSide"": ""BOTH"", ""stopPrice"": ""0.0000000"", ""workingType"": ""CONTRACT_PRICE"", ""priceProtect"": false, ""origType"": ""MARKET"", ""priceMatch"": ""NONE"", ""selfTradePreventionMode"": ""EXPIRE_MAKER"", ""goodTillDate"": 0, ""updateTime"": 1772086845519}
Skipping unsupported symbol: Unknown or unsupported symbol: 'LITUSDT' (not in Binance USD-M futures)
Order OK: {""orderId"": 30197294, ""symbol"": ""MAGMAUSDT"", ""status"": ""NEW"", ""clientOrderId"": ""rcLqsOd4ByLoXduFFKEJb1"", ""price"": ""0.0000000"", ""avgPrice"": ""0.00"", ""origQty"": ""793"", ""executedQty"": ""0"", ""cumQty"": ""0"", ""cumQuote"": ""0.0000000"", ""timeInForce"": ""GTC"", ""type"": ""MARKET"", ""reduceOnly"": false, ""closePosition"": false, ""side"": ""SELL"", ""positionSide"": ""BOTH"", ""stopPrice"": ""0.0000000"", ""workingType"": ""CONTRACT_PRICE"", ""priceProtect"": false, ""origType"": ""MARKET"", ""priceMatch"": ""NONE"", ""selfTradePreventionMode"": ""EXPIRE_MAKER"", ""goodTillDate"": 0, ""updateTime"": 1772086850153}","Order SKIP for LOOMUSDT: Unknown or unsupported symbol: 'LOOMUSDT' (not in Binance USD-M futures)
Order SKIP for STPTUSDT: Unknown or unsupported symbol: 'STPTUSDT' (not in Binance USD-M futures)
Order FAILED for LINEAUSDT: Binance error 400: {'code': -2027, 'msg': 'Exceeded the maximum allowable position at current leverage.'}
Order SKIP for ZKCUSDT: Unknown or unsupported symbol: 'ZKCUSDT' (not in Binance USD-M futures)
Order SKIP for LITUSDT: Unknown or unsupported symbol: 'LITUSDT' (not in Binance USD-M futures)","currency,size_usdt,direct,lever
LRCUSDT,80,SHORT,2
SKLUSDT,80,SHORT,2
CTSIUSDT,80,SHORT,2
IMXUSDT,80,SHORT,2
OPUSDT,80,SHORT,2
ACHUSDT,80,SHORT,2
ARBUSDT,80,SHORT,2
LOOMUSDT,80,SHORT,2
STPTUSDT,80,SHORT,2
RIFUSDT,80,SHORT,2
MANTAUSDT,80,SHORT,2
ALTUSDT,80,SHORT,2
STRKUSDT,80,SHORT,2
METISUSDT,80,SHORT,2
REZUSDT,80,SHORT,2
BBUSDT,80,SHORT,2
ZKUSDT,80,SHORT,2
ZROUSDT,80,SHORT,2
POLUSDT,80,SHORT,2
SAFEUSDT,80,SHORT,2
PROMUSDT,80,SHORT,2
LAYERUSDT,80,SHORT,2
PLUMEUSDT,80,SHORT,2
NILUSDT,80,SHORT,2
KERNELUSDT,80,SHORT,2
ERAUSDT,80,SHORT,2
ZORAUSDT,80,SHORT,2
BASUSDT,80,SHORT,2
LINEAUSDT,80,SHORT,2
ZKCUSDT,80,SHORT,2
LIGHTUSDT,80,SHORT,2
LITUSDT,80,SHORT,2
MAGMAUSDT,80,SHORT,2"
