currency,circulating_supply,total_supply
BTCUSDT,999986681,999986681
ETHUSDT,0,
BCHUSDT,96500,96500
XRPUSDT,325800000,325800000
LTCUSDT,745000,745000
TRXUSDT,40438,40438
ETCUSDT,155671595,210700000
LINKUSDT,708099970,1000000000
XLMUSDT,32858229671,50001786884
ADAUSDT,451907178,451907178
XMRUSDT,18446744,18446744
DASHUSDT,12604475,18920000
ZECUSDT,120000,120000
XTZUSDT,5050000,5050000
BNBUSDT,136358922,200000000
ATOMUSDT,495088954,495088954
ONTUSDT,17900000,17900000
IOTAUSDT,4307397334,4826954596
BATUSDT,1495724657,1500000000
VETUSDT,85985041177,86712634466
NEOUSDT,70530000,100000000
QTUMUSDT,105971539,107822406
IOSTUSDT,31418790515,90000000000
THETAUSDT,1000000000,1000000000
ALGOUSDT,8884864387,10000000000
ZILUSDT,19929238861,21000000000
KNCUSDT,170152851,252301550
ZRXUSDT,848396563,1000000000
COMPUSDT,9668189,10000000
OMGUSDT,649993572,700000000
DOGEUSDT,2564000000,2564000000
SXPUSDT,671647939,673319263
KAVAUSDT,1082847302,1082847302
BANDUSDT,172281784,172552545
RLCUSDT,72382548,86999785
WAVESUSDT,100000000,100000000
MKRUSDT,0,1005577
SNXUSDT,344516234,343889850
DOTUSDT,16000000,16000000
DEFIUSDT,1878389653,3000000000
YFIUSDT,7632,36000
BALUSDT,64580537,96150704
CRVUSDT,0,10499
TRBUSDT,2759091,2832878
RUNEUSDT,350654734,500000000
SUSHIUSDT,273012266,287676365
EGLDUSDT,29397311,31415926
SOLUSDT,664,664
ICXUSDT,1091679806,1105950993
STORJUSDT,143787439,424999998
BLZUSDT,469151676,500000000
UNIUSDT,1000000000,1000000000
AVAXUSDT,431771961,720000000
FTMUSDT,0,3175000000
ENJUSDT,1936186529,1968429589
FLMUSDT,566453675,566453675
RENUSDT,1000000000,1000000000
KSMUSDT,17821166,17821166
NEARUSDT,1288702663,1288702820
AAVEUSDT,15190780,16000000
FILUSDT,15010000,15010000
RSRUSDT,62553174091,100000000000
LRCUSDT,1245991469,1374513896
OCEANUSDT,200081035,1410000000
BELUSDT,80000000,100000000
AXSUSDT,169189223,270000000
ALPHAUSDT,999459184,1000000000
ZENUSDT,940000000,940000000
SKLUSDT,6061936004,7000000000
GRTUSDT,10729554518,10800262823
1INCHUSDT,1409061717,1500000000
CHZUSDT,10296366918,10296366918
SANDUSDT,2667289202,3000000000
ANKRUSDT,10000000000,10000000000
UNFIUSDT,7889742,10000000
REEFUSDT,45186434087,45186434087
RVNUSDT,16101597577,21000000000
SFPUSDT,500000000,500000000
XEMUSDT,8999999999,8999999999
BTCSTUSDT,7287600,15000000
COTIUSDT,2676952180,4910000000
CHRUSDT,854831914,978064789
MANAUSDT,1935243676,2193179327
ALICEUSDT,960586475,1000000000
HBARUSDT,43003421569,50000000000
ONEUSDT,0,12689379022
LINAUSDT,9996646261,10000000000
STMXUSDT,11000000000,12500000000
DENTUSDT,95654960453,100000000000
CELRUSDT,5645454936,10000000000
HOTUSDT,177619433541,177619433541
MTLUSDT,89153205,89153205
OGNUSDT,661257877,1409664846
NKNUSDT,797438967,1000000000
SCUSDT,978838328,1000000000
DGBUSDT,18162813417,21000000000
1000SHIBUSDT,9212999999990,9212999999990
BAKEUSDT,288705144,731535870
GTCUSDT,87491502,100000000
BTCDOMUSDT,,
IOTXUSDT,224499600,224499600
RAYUSDT,268896286,555000000
C98USDT,999998884,1000000000
MASKUSDT,999973823,999973823
ATAUSDT,950000000,1000000000
DYDXUSDT,823840015,1000000000
1000XECUSDT,19993210922580,21000000000000
GALAUSDT,47361293968,50000000000
CELOUSDT,594862139,1000000000
ARUSDT,65454186,66000000
KLAYUSDT,0,6252916554
ARPAUSDT,982174603,2000000000
CTSIUSDT,905237832,1000000000
LPTUSDT,49688955,49688955
ENSUSDT,38205880,100000000
PEOPLEUSDT,5066434892,5066434892
ROSEUSDT,7548372205,10000000000
DUSKUSDT,500000000,1000000000
FLOWUSDT,1643378795,1643378795
IMXUSDT,849472049,2000000000
API3USDT,142223233,161308236
GMTUSDT,2600000000,2600000000
APEUSDT,0,1000000000000
WOOUSDT,999912874,999912874
FTTUSDT,0,328895104
JASMYUSDT,49444999678,50000000000
DARUSDT,0,800000000
OPUSDT,1000000000,1000000000
INJUSDT,100000000,100000000
STGUSDT,210109410,1000000000
SPELLUSDT,171510541048,210000000000
1000LUNCUSDT,0,
LUNA2USDT,,
LDOUSDT,849166803,1000000000
ICPUSDT,549283310,549283310
APTUSDT,779838327,1197427888
QNTUSDT,14544176,14612493
FETUSDT,2268909381,2714384547
FXSUSDT,,
HOOKUSDT,328333333,500000000
MAGICUSDT,325527405,347714007
TUSDT,286500000,300000000
HIGHUSDT,0,420000000
MINAUSDT,1275547409,1275547409
ASTRUSDT,8550207633,8642430149
AGIXUSDT,250367644,2000000000
PHBUSDT,63588860,64000000
GMXUSDT,10395102,13250000
CFXUSDT,999883917,1000000000
STXUSDT,1831437126,1831437126
BNXUSDT,2637764,21000000
ACHUSDT,4943691067,10000000000
SSVUSDT,14699173,14699173
CKBUSDT,48284236564,49053680620
PERPUSDT,72609864,150000000
TRUUSDT,0,3332527201741
LQTYUSDT,98140139,100000000
USDCUSDT,859026,859026
IDUSDT,116700000,800000000
ARBUSDT,999694612,999694612
JOEUSDT,403574249,500000000
TLMUSDT,6498223906,10000000000
AMBUSDT,0,14105976574
LEVERUSDT,34999246619,35000000000
RDNTUSDT,1292073967,1500000000
HFTUSDT,718773849,1000000000
XVSUSDT,16760263,30000000
BLURUSDT,2741620920,3000000000
EDUUSDT,831374999,1000000000
IDEXUSDT,995161127,1000000000
SUIUSDT,3846172527,10000000000
1000PEPEUSDT,420690000000000,420690000000000
1000FLOKIUSDT,9654871680575,10000000000000
UMAUSDT,90299767,127725994
RADUSDT,49829111,100000000
KEYUSDT,97000000,97000000
COMBOUSDT,48232079,100000000
NMRUSDT,8007701,11000000
MAVUSDT,842955680,2000000000
MDTUSDT,606319736,1000000000
XVGUSDT,16521951236,16555000000
WLDUSDT,2868248889,10000000000
PENDLEUSDT,165299259,281527448
ARKMUSDT,568532082,1000000000
AGLDUSDT,87430001,96000000
YGGUSDT,715201074,1000000000
DODOXUSDT,,
BNTUSDT,109132833,110542365
OXTUSDT,591544729,1000000000
SEIUSDT,0,99922589
CYBERUSDT,60881500,100000000
HIFIUSDT,132447066,141982603
ARKUSDT,192134698,192408992
GLMRUSDT,1069071967,1218698497
BICOUSDT,999998454,1000000000
STRAXUSDT,2062705985,2137691912
LOOMUSDT,1242920898,1300000000
BIGTIMEUSDT,1908245060,5000000000
BONDUSDT,9781671,10000000
ORBSUSDT,4901946160,10000000000
STPTUSDT,,
WAXPUSDT,4551452339,8421467718
BSVUSDT,19993409,21000000
RIFUSDT,1000000000,1000000000
POLYXUSDT,1249935743,1249935743
GASUSDT,65093581,65093581
POWRUSDT,529761885,1000000000
TIAUSDT,208057293,1010000000
SNTUSDT,3960483788,6804870174
CAKEUSDT,330797047,400000000
MEMEUSDT,999633593,1000000000
TWTUSDT,416649900,1000000000
TOKENUSDT,500000000,1000000000
ORDIUSDT,21000000,21000000
STEEMUSDT,540311175,540576627
BADGERUSDT,997484323,1000000000
ILVUSDT,9485366,9597209
NTRNUSDT,670686009,1000000000
KASUSDT,26777148611,28704026601
BEAMXUSDT,,
1000BONKUSDT,87995150760466,87995282867001
PYTHUSDT,5749982423,10000000000
SUPERUSDT,0,10000000
USTCUSDT,5580592838,6083194866
ONGUSDT,444831290,1000000000
ETHWUSDT,107818717,107818717
JTOUSDT,440609274,1000000000
1000SATSUSDT,0,21000000
AUCTIONUSDT,7090348,10000000
1000RATSUSDT,0,1000000000000
ACEUSDT,999999713,1000000000
MOVRUSDT,11198104,12361033
NFPUSDT,534933525,1000000000
AIUSDT,0,999846955
XAIUSDT,10526,1000000
WIFUSDT,998926392,998926392
MANTAUSDT,464930803,1000000000
ONDOUSDT,4869330647,10000000000
LSKUSDT,226755399,400000000
ALTUSDT,0,1000000000
JUPUSDT,1000000000,1000000000
ZETAUSDT,1266635417,2100000000
RONINUSDT,,
DYMUSDT,470255988,1000000000
OMUSDT,1179720713,1761014589
PIXELUSDT,997373205,1000000000
STRKUSDT,5447589939,10000000000
GLMUSDT,1000000000,1000000000
PORTALUSDT,764006002,1000000000
TONUSDT,40,40
AXLUSDT,1126121201,1232653303
MYROUSDT,,
METISUSDT,0,10000000000
AEVOUSDT,916184365,1000000000
VANRYUSDT,2150121599,2400000000
BOMEUSDT,68999659569,68999659569
ETHFIUSDT,744064067,1000000000
ENAUSDT,8225000000,15000000000
WUSDT,1000000000,1000000000
TNSRUSDT,334607239,1000000000
SAGAUSDT,355945389,1091621308
TAOUSDT,9597491,21000000
OMNIUSDT,618140,618140
REZUSDT,4497083777,10000000000
BBUSDT,0,1000000000000000
NOTUSDT,99429447950,102456956843
TURBOUSDT,69000000000,69000000000
IOUSDT,285318562,800000000
ZKUSDT,9218641411,21000000000
MEWUSDT,88888888889,88888888889
LISTAUSDT,283945211,1000000000
ZROUSDT,202629028,1000000000
RENDERUSDT,518714713,644245094
BANANAUSDT,5012178,5012178
RAREUSDT,819828692,1000000000
GUSDT,0,420690000000
SYNUSDT,219066529,250000000
SYSUSDT,848972568,848972568
VOXELUSDT,243262481,300000000
BRETTUSDT,1000000000,1000000000
ALPACAUSDT,961066091,963310041
POPCATUSDT,979978670,979978694
SUNUSDT,19213751675,19900730000
VIDTUSDT,,
NULSUSDT,114241392,210000000
DOGSUSDT,420690000000000,420690000000000
MBOXUSDT,500322467,1000000000
CHESSUSDT,0,93628872
FLUXUSDT,5215728,5215728
BSWUSDT,0,100000000
QUICKUSDT,786748,1000000
NEIROETHUSDT,,
RPLUSDT,22200230,22200230
POLUSDT,2851127,2851127
UXLINKUSDT,786226924,1000000000
1MBABYDOGEUSDT,0,420000000000000000
NEIROUSDT,999885351,1000000000
KDAUSDT,338586084,1000000000
FIDAUSDT,990910943,1000000000
FIOUSDT,838678624,1000000000
CATIUSDT,397843124,1000000000
GHSTUSDT,51157239,52747803
LOKAUSDT,24950416,500000000
HMSTRUSDT,64375000000,100000000000
REIUSDT,497663306,1000000000
COSUSDT,100000000000,100000000000
EIGENUSDT,596583765,1798404460
DIAUSDT,119676104,200000000
1000CATUSDT,1159241,1200000
SCRUSDT,0,100000000
GOATUSDT,0,999996323062
MOODENGUSDT,989938647,1000000000
SAFEUSDT,700657344,1000000000
SANTOSUSDT,16094854,30000000
TROYUSDT,10000000000,10000000000
PONKEUSDT,555474270,555555555
COWUSDT,974823880,1000000000
CETUSUSDT,909782608,1000000000
1000000MOGUSDT,997645076,1000000000
GRASSUSDT,471609204,1000000000
DRIFTUSDT,555962813,1000000000
SWELLUSDT,740502508,740502508
ACTUSDT,1709870216,2230764820
PNUTUSDT,100000000,100000000
HIPPOUSDT,10000000000,10000000000
1000XUSDT,0,10000000000000000
DEGENUSDT,0,69420
BANUSDT,1622680321,1918844394
AKTUSDT,287969092,388539008
SLERFUSDT,0,499997750
SCRTUSDT,333160716,348165406
1000CHEEMSUSDT,2442845440,7000000000
1000WHYUSDT,420000000000000,420000000000000
THEUSDT,984227322,1000000000
MORPHOUSDT,356627968,1000000000
CHILLGUYUSDT,999945991,1000000000
KAIAUSDT,5856641747,5856641936
AEROUSDT,918692915,1844060794
ACXUSDT,688072898,1000000000
ORCAUSDT,60157162,100000000
MOVEUSDT,217500000,300000000
RAYSOLUSDT,,
KOMAUSDT,605954353,1000000000
VIRTUALUSDT,656301970,1000000000
SPXUSDT,930993081,1000000000
MEUSDT,999312423,999999675
AVAUSDT,999199573,1000000000
DEGOUSDT,21000000,21000000
VELODROMEUSDT,,
MOCAUSDT,3952692403,8888888888
VANAUSDT,30800000,120000000
PENGUUSDT,0,100000000
LUMIAUSDT,138496022,238888888
USUALUSDT,1645576495,3000000000
AIXBTUSDT,994658423,1000000000
FARTCOINUSDT,999979217,1000000000
KMNOUSDT,4017808422,10000000000
CGPTUSDT,876156557,1000000000
HIVEUSDT,522817886,
DEXEUSDT,46752637,96504599
PHAUSDT,829321774,1000000000
DFUSDT,999926147,999926147
GRIFFAINUSDT,999851649,999880904
AI16ZUSDT,1099912714,1099999958
ZEREBROUSDT,999951175,1000000000
BIOUSDT,1769745956,3320000000
COOKIEUSDT,704971408,1000000000
ALCHUSDT,1100000000,1100000000
SWARMSUSDT,999984831,1000000000
SONICUSDT,0,125000000
DUSDT,643112516,800000000
PROMUSDT,18250000,19250000
SUSDT,1000000000,1000000000
SOLVUSDT,1482600000,9660000000
ARCUSDT,1030000000,1030000000
AVAAIUSDT,,
TRUMPUSDT,0,
MELANIAUSDT,952496376,1000000000
VTHOUSDT,98226643803,98287011196
ANIMEUSDT,5538604656,10000000000
VINEUSDT,999973351,1000000000
PIPPINUSDT,999937483,1000000000
VVVUSDT,44154119,78748287
BERAUSDT,214816693,533554327
TSTUSDT,128868050,1000000000
LAYERUSDT,210000000,1000000000
HEIUSDT,79807693,100000000
B3USDT,32446375000,100000000000
IPUSDT,350856147,1024383024
GPSUSDT,4409100002,10000000000
SHELLUSDT,270000000,1000000000
KAITOUSDT,241388889,1000000000
REDUSDT,312336885,1000000000
VICUSDT,125444343,210000000
EPICUSDT,19119412,21000000
BMTUSDT,589000000,589000000
MUBARAKUSDT,1000000000,1000000000
FORMUSDT,381867255,580000000
BIDUSDT,0,2650000000
TUTUSDT,836067628,1000000000
BROCCOLI714USDT,,
BROCCOLIF3BUSDT,,
SIRENUSDT,728857925,1000000000
BANANAS31USDT,10000000000,10000000000
BRUSDT,220000000,1000000000
PLUMEUSDT,5121329365,10000000000
NILUSDT,314464583,1000000000
PARTIUSDT,233000000,1000000000
JELLYJELLYUSDT,999999099,999999099
MAVIAUSDT,51619195,250000000
PAXGUSDT,7,7
WALUSDT,1609791667,5000000000
FUNUSDT,991278087,1000000000
MLNUSDT,2976486,2976486
GUNUSDT,1554833333,10000000000
ATHUSDT,17487150519,42000000000
BABYUSDT,954566981182,1000000000000
FORTHUSDT,11503546,15297897
PROMPTUSDT,999932685,1000000000
XCNUSDT,37187049009,68892071757
STOUSDT,225333333,1000000000
FHEUSDT,249000000,1000000000
KERNELUSDT,286308020,1000000000
WCTUSDT,186200000,1000000000
INITUSDT,0,1000000000
AERGOUSDT,472499996,500000000
BANKUSDT,999190222,1000000000
EPTUSDT,2316583333,10000000002
DEEPUSDT,2500000000,10000000000
HYPERUSDT,1000000000,1000000000
MEMEFIUSDT,10000000000,10000000000
FISUSDT,155303869,155303869
JSTUSDT,8815108921,9900000000
SIGNUSDT,1640000000,10000000000
PUNDIXUSDT,258386541,258386541
CTKUSDT,154611224,156222580
AIOTUSDT,263250100,1000000000
DOLOUSDT,461057868,1000000000
HAEDALUSDT,195000000,1000000000
SXTUSDT,2828644438,5000000000
ASRUSDT,8224337,9995000
ALPINEUSDT,11360000,40000000
B2USDT,41545875,210000000
MILKUSDT,2452070745,2452070745
SYRUPUSDT,1157190703,1216127148
OBOLUSDT,150020000,500000000
DOODUSDT,7800000000,10000000000
OGUSDT,4589551,5000000
ZKJUSDT,448138890,1000000000
SKYAIUSDT,1000000000,1000000000
NXPCUSDT,129073723,129073723
CVCUSDT,802000010,1000000000
AGTUSDT,0,5000000000
AWEUSDT,1942420283,2000000000
BUSDT,994499527,1000000000
SOONUSDT,435169376,992179619
HUMAUSDT,1733333333,10000000000
AUSDT,1624995305,2100000000
SOPHUSDT,260159822,1000000000
MERLUSDT,1161505633,2100000000
HYPEUSDT,0,100000000
BDXNUSDT,160000000,1000000000
PUFFERUSDT,392730409,1000000000
PORT3USDT,692890045,1000000000
1000000BOBUSDT,341507,341507
LAUSDT,193000000,1000000000
SKATEUSDT,161540713,1000000000
HOMEUSDT,3440833333,10000000000
RESOLVUSDT,366038097,1000000000
TAIKOUSDT,192410587,1000000000
SQDUSDT,0,10000000000
PUMPBTCUSDT,692,692
SPKUSDT,2422843431,10000000000
MYXUSDT,190768940,1000000000
FUSDT,1000000000,1000000000
NEWTUSDT,215000000,1000000000
DMCUSDT,0,52000902
HUSDT,113440589,120000000
OLUSDT,780283178,5000000000
SAHARAUSDT,2776562500,10000000000
ICNTUSDT,253006130,700000000
BULLAUSDT,280000000,1000000000
IDOLUSDT,902400000,4800000000
MUSDT,100000000,100000000
TANSSIUSDT,356892495,1039058342
PUMPUSDT,0,21000000
CROSSUSDT,335222890,1000000000
AINUSDT,1000000000,1000000000
CUSDT,1000000000,1000000000
VELVETUSDT,240980809,1000000000
TACUSDT,2730637571,10030078763
ERAUSDT,174750000,1000000000
TAUSDT,180000000,1000000000
CVXUSDT,91758227,100000000
SLPUSDT,36409738834,36409672372
ZORAUSDT,4469999998,10000000000
TAGUSDT,108864805114,405380800000
ZRCUSDT,2272941519,10000000000
ESPORTSUSDT,151800000,900000000
TREEUSDT,101361867,200000000
A2ZUSDT,6858653894,10000000000
PLAYUSDT,744061890,1000000000
NAORISUSDT,599260000,4000000000
TOWNSUSDT,2109362819,15327986354
PROVEUSDT,195000000,1000000000
ALLUSDT,3035954,5000000
INUSDT,983471458,1000000000
YALAUSDT,278917026,1000000000
CARVUSDT,507620477,1000000000
AIOUSDT,0,1000000000
XNYUSDT,2500000000,10000000000
USELESSUSDT,999940362,1000000000
DAMUSDT,960970321,1000000000
CUDISUSDT,247500000,1000000000
SAPIENUSDT,250000000,1000000000
XPLUSDT,2244444444,10000000000
WLFIUSDT,997694979,1000000000
SOMIUSDT,160200000,1000000000
BASUSDT,2500000000,10000000000
BTRUSDT,261600000,1000000000
MITOUSDT,235717528,1000000000
HEMIUSDT,977500000,10000000000
LINEAUSDT,22695515504,72009990000
QUSDT,888515341,1000000000
ARIAUSDT,899717737,999999990
TAKEUSDT,227426136,1000000000
PTBUSDT,2070875600,8400000000
OPENUSDT,422997987,1000000000
FLOCKUSDT,312755607,1000000000
SKYUSDT,23031413535,23462665147
AVNTUSDT,258205903,1000000000
HOLOUSDT,997652159,1000000000
XPINUSDT,15465000000,100000000000
UBUSDT,2500000000,10000000000
ZKCUSDT,234262848,1031336277
TOSHIUSDT,420690000000,420690000000
STBLUSDT,500000000,10000000000
0GUSDT,213199722,1000000000
BARDUSDT,225000000,1000000000
ASTERUSDT,2454947755,8000000000
TRADOORUSDT,14349000,8000000000
BLESSUSDT,1841666667,10000000000
FLUIDUSDT,78532544,100000000
COAIUSDT,188000098,1000000000
HANAUSDT,8913101266,10000000000
MIRAUSDT,0,1000000000
AKEUSDT,22796250000,100000000000
ORDERUSDT,0,10000000000
LIGHTUSDT,525000000,1000000000
XANUSDT,2500000000,10000000000
FFUSDT,2340000000,10000000000
VFYUSDT,306194145,1000000000
EDENUSDT,159339212,250000000
NOMUSDT,1000000000,1000000000
TRUTHUSDT,2085305300,10000000000
2ZUSDT,3471417500,10000000000
EVAAUSDT,6617972,50000000
LYNUSDT,983956786,1000000000
KGENUSDT,198677778,1000000000
4USDT,1000000000,1000000000
GIGGLEUSDT,1000000,1000000
MONUSDT,10830583396,100000000000
YBUSDT,87910000,1000000000
METUSDT,506624518,1000000000
EULUSDT,18685531,27182818
ENSOUSDT,20590000,127339703
CLOUSDT,1000000000000,1000000000000
RECALLUSDT,227389700,1000000000
ZBTUSDT,244992188,1000000000
LABUSDT,76546099,1000000000
RIVERUSDT,19600000,100000000
RVVUSDT,3329862770,10000000000
币安人生USDT,1000000000,1000000000
BLUAIUSDT,1228000000,10000000000
TURTLEUSDT,1000000000,1000000000
APRUSDT,215937499,1000000000
ONUSDT,144275000,1000000000
42USDT,42,42
COMMONUSDT,2618966756,10000000000
KITEUSDT,853169,1000000
ATUSDT,230000000,1000000000
CCUSDT,37825621290,37825621290
MMTUSDT,436790487,1000000000
TRUSTUSDT,179647832,1000000000
UAIUSDT,998057206,1000000000
FOLKSUSDT,13428777,50000000
STABLEUSDT,18000000000,100000000000
JCTUSDT,0,1000000000
ALLOUSDT,215349432,1000000000
CLANKERUSDT,999493076,999653938
BEATUSDT,139300000,1000000000
PIEVERSEUSDT,205000000,1000000000
SENTUSDT,7237882055,34359738368
GAIBUSDT,204831667,1000000000
BOBUSDT,341507,341507
IRYSUSDT,2000000000,10000000000
RLSUSDT,1054244512,10000000000
POWERUSDT,189455552,1000000000
WETUSDT,1000000000,1000000000
NIGHTUSDT,10000000000,10000000000
USUSDT,999979618,1000000000
CYSUSDT,160800000,1000000000
RAVEUSDT,239172222,1000000000
ZKPUSDT,335772447,1000000000
GUAUSDT,6247359702,6942000000
IRUSDT,205000000,1000000000
LITUSDT,51100000000,100000000000
BREVUSDT,250000000,1000000000
COLLECTUSDT,0,500000000
MAGMAUSDT,190000000,1000000000
ZAMAUSDT,2200000000,11000000000
FOGOUSDT,3779671864,9953671865
FRAXUSDT,276015184,276015184
SPORTFUNUSDT,,
AIAUSDT,99500000,1000000000
ACUUSDT,227212297,1004757462
我踏马来了USDT,1000000000,1000000000
ELSAUSDT,228980000,1000000000
SKRUSDT,702342124,1000000000
SPACEUSDT,6903003,21000000
FIGHTUSDT,999642371,999968548
BIRBUSDT,0,100000000
GWEIUSDT,1750000000,10000000000
MEGAUSDT,0,1000000
INXUSDT,1994300001,10000000000
TRIAUSDT,2157670000,10000000000
ESPUSDT,520550000,3590000000
AZTECUSDT,2905031928,10350000000
OPNUSDT,22926928000,22926928000
