currency,maxLeverage,markPrice,pricePrecision,fdv(USDT),流通市值(USDT),lastFundingRate,lastFundingTime,fundingTimesPerDay,todayFundRate,avgDayFundRate72h,volume24h(USDT),priceChange24h(USDT),priceChange24h%(USDT),openInterest(USDT),lastUpdateTime,spotEnabled
BTCUSDT,125,68237.60000000,1,68236691143405.61,68236691143405.61,-0.00000673,,3,-0.00002019,-0.00001098,18202614359.41,2678.30,4.086,5458957845.36,1772077479,false
ETHUSDT,100,2057.20533333,2,,226988400000.00,0.00002129,,3,0.00006387,-0.00008013,15551661430.38,149.51,7.837,3901898041.57,1772077479,false
BCHUSDT,125,499.59000000,2,48210435.00,48210435.00,-0.00022794,,3,-0.00068382,-0.00035928,290996638.45,0.70,0.140,178809562.33,1772077479,false
XRPUSDT,75,1.44151319,4,469644997.30,469644997.30,0.00007204,,3,0.00021612,-0.00007974,1407686181.6190,0.0708,5.166,406919602.26,1772077479,false
LTCUSDT,75,56.46000000,2,42062700.00,42062700.00,0.00007505,,3,0.00022515,-0.00003838,153118112.27,3.95,7.522,74588587.55,1772077479,false
TRXUSDT,25,0.28517065,5,11531.73,11531.73,-0.00013204,,3,-0.00039612,-0.00028361,49473027.50088,-0.00066,-0.231,97602265.7,1772077479,false
ETCUSDT,75,9.10910905,3,1919289276.84,1418029534.84,0.00010000,,3,0.0003,-0.00006486,55536908.190,0.702,8.347,19706505.97,1772077479,false
LINKUSDT,75,9.23100000,3,9231000000.00,6536470823.07,0.00010000,,3,0.0003,0.00013305,221730467.242,0.707,8.295,84520824.41,1772077479,false
XLMUSDT,50,0.16342811,5,8171697527.07,5369958373.08,0.00010000,,3,0.0003,-0.00008913,56498502.38013,0.01034,6.755,27127896.44,1772077479,false
ADAUSDT,75,0.29552281,4,133548879.10,133548879.10,0.00010000,,3,0.0003,0.00008424,419643213.85370,0.02860,10.712,103412278.88,1772077479,false
XMRUSDT,50,346.68641418,2,6395235530.66,6395235530.66,0.00010000,,3,0.0003,0.0003,42906979.01,19.46,5.944,23178333.16,1772077479,false
DASHUSDT,50,36.03000000,2,681687600.00,454139234.25,-0.00012191,,3,-0.00036573,-0.00113181,37871387.20,3.07,9.314,15088048.08,1772077479,false
ZECUSDT,50,253.40000000,2,30408000.00,30408000.00,-0.00042745,,3,-0.00128235,-0.00007909,415697684.07,12.34,5.121,106382032.23,1772077479,false
XTZUSDT,50,0.39580407,3,1998810.55,1998810.55,0.00005000,,3,0.00015,-0.00003641,7771263.669,0.022,5.898,4830253.19,1772077479,false
BNBUSDT,75,628.69239560,2,125738479120.00,85727817333.61,0.00001466,,3,0.00004398,0,599647351.471,34.540,5.814,318381799.44,1772077479,false
ATOMUSDT,50,1.93700000,3,958987303.90,958987303.90,-0.00370352,,3,-0.01111056,-0.00059705,60652114.644,-0.127,-6.153,25249195.49,1772077479,false
ONTUSDT,25,0.04359691,4,780384.69,780384.69,-0.00032659,,3,-0.00097977,-0.0004023,4819364.8362,0.0026,6.341,1953559.97,1772077479,false
IOTAUSDT,50,0.07041101,4,339870748.33,303288196.76,0.00010000,,3,0.0003,0.00015121,5227622.1481,0.0038,5.697,3364133.35,1772077479,false
BATUSDT,50,0.12110000,4,181650000.00,181132255.96,0.00008755,,3,0.00026265,-0.00011764,4044645.0099,0.0006,0.498,2547797.71,1772077479,false
VETUSDT,50,0.00779899,6,676270969.07,670596476.29,0.00010000,,3,0.0003,-0.0003092,15344092.481445,0.000598,8.302,5844628.38,1772077479,false
NEOUSDT,50,2.83200000,3,283200000.00,199740960.00,0.00000513,,3,0.00001539,0.00007673,4298450.829,0.189,7.151,4181723.36,1772077479,false
QTUMUSDT,25,0.94627292,3,102029422.97,100277997.65,0.00010000,,3,0.0003,0.0002627,1890819.811,0.057,6.412,1671418.7,1772077479,false
IOSTUSDT,25,0.00123400,6,111060000.00,38770787.50,0.00010000,,3,0.0003,-0.00010881,2675789.027628,-0.000019,-1.516,1249223.78,1772077479,false
THETAUSDT,50,0.19766312,4,197663120.00,197663120.00,0.00010000,,3,0.0003,-0.00014876,6665697.8575,0.0156,8.553,3042133.73,1772077479,false
ALGOUSDT,50,0.09050000,4,905000000.00,804080227.02,0.00010000,,3,0.0003,-0.00006138,22201309.1628,0.0055,6.471,7519557.86,1772077479,false
ZILUSDT,50,0.00430348,5,90373080.00,85765080.85,0.00005000,,3,0.00015,-0.00054287,15841436.32651,0.00023,5.637,6581568.92,1772077479,false
KNCUSDT,50,0.13818268,4,34863704.35,23512176.96,0.00010000,,3,0.0003,-0.00012254,1298084.22510,0.00750,5.734,1396823.63,1772077479,false
ZRXUSDT,50,0.11290000,4,112900000.00,95783971.96,-0.00011479,,3,-0.00034437,-0.00030379,3717129.2703,0.0092,8.872,3157120.73,1772077479,false
COMPUSDT,50,18.47125720,2,184712572.00,178583605.68,-0.00024167,,3,-0.00072501,-0.0003027,6779189.61,0.65,3.648,4650590.14,1772077479,false
OMGUSDT,25,0.15445273,4,108116911.00,100393281.68,0.00000000,,3,0,0.0003,10920359.6502,-0.0006,-0.206,,1772077479,false
DOGEUSDT,50,0.10103000,5,259040920.00,259040920.00,0.00010000,,3,0.0003,0.00001228,893660603.483340,0.008090,8.707,169915061.83,1772077479,false
SXPUSDT,50,0.02162119,4,14557963.72,14521827.70,0.00000000,,3,0,-0.0201819,114647898.4085,-0.0067,-9.267,,1772077479,false
KAVAUSDT,50,0.05045437,4,54634378.43,54634378.43,0.00005000,,3,0.00015,0.0000914,2277320.8747,0.0025,5.219,1691060.57,1772077479,false
BANDUSDT,20,0.21712089,4,37464762.14,37405974.27,0.00010000,,3,0.0003,-0.00003467,1672441.3605,0.0143,7.041,1353526.57,1772077479,false
RLCUSDT,25,0.40779392,4,35477983.36,29517162.99,0.00007650,,3,0.0002295,0.00000865,906714.1929,0.0097,2.437,1366635.52,1772077479,false
WAVESUSDT,25,0.75728182,4,75728182.00,75728182.00,0.00000000,,3,0,0.0003,72794064.7423,0.0138,1.044,,1772077479,false
MKRUSDT,50,1818.50800619,1,1828649825.34,1818508006.19,0.00000000,,3,0,0.00080014,33171029.17,-58.00,-3.396,,1772077479,false
SNXUSDT,50,0.36700000,3,126207574.95,126437457.88,0.00010000,,3,0.0003,-0.00060301,22318671.334,0.003,0.824,5311079.15,1772077479,false
DOTUSDT,75,1.62278573,3,25964571.68,25964571.68,0.00010000,,3,0.0003,-0.00045835,518913769.586,0.350,27.494,59094454.27,1772077479,false
DEFIUSDT,50,829.90513793,1,2489715413790.00,1558885224059.25,0.00000000,,3,0,0.00392255,5109389.6,19.9,2.187,,1772077479,false
YFIUSDT,25,2784.30000000,0,100234800.00,21249777.60,0.00010000,,3,0.0003,-0.00005419,3438590.1,103.0,3.842,2739314.06,1772077479,false
BALUSDT,50,1.25343333,3,120518497.10,80947397.55,0.00000000,,3,0,0.0003,4464711.842,-0.035,-4.051,,1772077479,false
CRVUSDT,50,0.25176666,3,2643.30,210123531.00,0.00010000,,3,0.0003,0.00012745,38322315.278,0.019,8.190,20759431.23,1772077479,false
TRBUSDT,50,15.07198967,3,42697107.95,41584991.05,0.00003383,,3,0.00010149,0.00013017,10879012.158,0.829,5.812,4097760.49,1772077479,false
RUNEUSDT,50,0.41289075,4,206445375.00,144782096.11,0.00010000,,3,0.0003,0.00014049,7423786.5050,0.0155,3.900,2981878.42,1772077479,false
SUSHIUSDT,25,0.21487444,4,61814297.83,58663357.77,0.00010000,,3,0.0003,0.00015137,8536127.3604,0.0185,9.420,2621047.23,1772077479,false
EGLDUSDT,25,4.58700000,3,144104852.56,134845465.56,0.00010000,,3,0.0003,0.00008335,4887811.544,0.234,5.376,2784041.12,1772077479,false
SOLUSDT,50,88.07430421,2,58481.34,58481.34,0.00010000,,3,0.0003,-0.00026639,3359193978.1462,6.2800,7.679,907647360.51,1772077479,false
ICXUSDT,50,0.03785149,4,41861892.95,41321707.26,0.00010000,,3,0.0003,0.00021434,1681082.9292,0.0015,4.132,1222355.54,1772077479,false
STORJUSDT,25,0.09692500,4,41193124.81,13936597.53,-0.00005645,,3,-0.00016935,-0.00047984,2974623.7620,0.0021,2.215,1801242.18,1772077479,false
BLZUSDT,50,0.04722200,5,23611000.00,22154280.44,0.00000000,,3,0,0.00015,25839220.43774,0.00023,0.338,,1772077479,false
UNIUSDT,50,4.01600000,3,4016000000.00,4016000000.00,0.00010000,,3,0.0003,0.00011165,194340503.6460,0.5360,15.402,103166389.47,1772077479,false
AVAXUSDT,50,9.46037703,3,6811471461.60,4084725542.04,0.00010000,,3,0.0003,-0.00015078,299244461.7560,0.9190,10.764,85403553.64,1772077479,false
FTMUSDT,50,0.69940000,4,2220595000.00,2168140000.00,0.00000000,,3,0,0.0003,80303756.799200,-0.061200,-7.361,,1772077479,false
ENJUSDT,25,0.02005047,5,39467938.42,38821449.91,-0.00008506,,3,-0.00025518,-0.00099126,3671388.41879,0.00025,1.263,1728715.59,1772077479,false
FLMUSDT,50,0.00644480,4,3650680.64,3650680.64,0.00000000,,3,0,0.0030902,6048396.4552,-0.0036,-30.508,,1772077479,false
RENUSDT,20,0.01184300,5,11843000.00,11843000.00,0.00000000,,3,0,0.0003,53068149.60736,0.00192,4.167,,1772077479,false
KSMUSDT,50,5.24300000,3,93436373.34,93436373.34,0.00005951,,3,0.00017853,-0.00029732,24526157.801,0.118,2.302,2830498.56,1772077479,false
NEARUSDT,50,1.15377429,3,1486872181.17,1486872000.02,0.00010000,,3,0.0003,-0.00000455,207176867.0600,0.1630,16.448,51399297.01,1772077479,false
AAVEUSDT,50,118.64786682,2,1898365869.12,1802353642.33,-0.00010049,,3,-0.00030147,0.00007545,98622756.945,1.260,1.073,43455279.54,1772077479,false
FILUSDT,50,1.02100000,3,15325210.00,15325210.00,0.00010000,,3,0.0003,0.00001594,328242633.056,0.125,13.966,36352060.75,1772077479,false
RSRUSDT,25,0.00151991,6,151991000.00,95075194.83,0.00005006,,3,0.00015018,0.00003145,4605001.320286,0.000071,4.903,1719419.15,1772077479,false
LRCUSDT,50,0.03429000,5,47132081.49,42725047.47,0.00005000,,3,0.00015,-0.00008364,6465155.58405,0.00097,2.911,3061526.41,1772077479,false
OCEANUSDT,50,0.60700000,4,855870000.00,121449188.24,0.00000000,,3,0,0.0003,65841451.86510,0.11260,18.943,,1772077479,false
BELUSDT,20,0.09959752,4,9959752.00,7967801.60,0.00010000,,3,0.0003,-0.00031517,2422805.37550,0.00280,2.893,1858959.13,1772077479,false
AXSUSDT,50,1.35400000,3,365580000.00,229082207.94,-0.00067510,,3,-0.0020253,-0.00236256,67197128.94400,0.07200,5.616,23405505.32,1772077479,false
ALPHAUSDT,50,0.01566911,5,15669110.00,15660635.89,0.00000000,,3,0,0.00405897,370575971.69449,0.00541,36.406,,1772077479,false
ZENUSDT,50,5.76926042,3,5423104794.80,5423104794.80,0.00004647,,3,0.00013941,-0.000019,14364177.804,0.256,4.644,8340044.02,1772077479,false
SKLUSDT,50,0.00684069,5,47884830.00,41467825.00,0.00001067,,3,0.00003201,0.00010831,2568127.51030,0.00045,7.042,1611803.48,1772077479,false
GRTUSDT,50,0.02759232,5,298004307.90,296053301.72,0.00006851,,3,0.00020553,0.00006893,7987804.44423,0.00134,5.105,3448901.73,1772077479,false
1INCHUSDT,50,0.09580000,4,143700000.00,134988112.49,0.00010000,,3,0.0003,-0.00006331,4568389.5308,0.0063,7.039,3058354.36,1772077479,false
CHZUSDT,50,0.03501314,5,360508136.39,360508136.39,-0.00000324,,3,-0.00000972,0.00018364,16146006.03006,0.00108,3.187,15819789.15,1772077479,false
SANDUSDT,50,0.08724000,5,261720000.00,232694309.98,0.00010000,,3,0.0003,-0.00071907,26995680.31334,0.00738,9.241,8901330.22,1772077479,false
ANKRUSDT,25,0.00444800,6,44480000.00,44480000.00,0.00010000,,3,0.0003,-0.00008515,1575095.411701,0.000187,4.389,1877141.93,1772077479,false
UNFIUSDT,50,0.71931000,3,7193100.00,5675170.32,0.00000000,,3,0,0.00015,51995348.036,-0.100,-5.464,,1772077479,false
REEFUSDT,50,0.00046432,6,20980965.08,20980965.08,0.00000000,,3,0,0.00015,9889331.832847,-0.000054,-5.782,,1772077479,false
RVNUSDT,50,0.00611827,5,128483670.00,98513921.41,0.00005000,,3,0.00015,0.00007827,2351607.69105,0.00035,6.066,1582461.92,1772077479,false
SFPUSDT,50,0.26328167,4,131640835.00,131640835.00,0.00008884,,3,0.00026652,0.00025374,1038681.6453,0.0108,4.279,3055900.87,1772077479,false
XEMUSDT,25,0.00178600,4,16074000.00,16074000.00,0.00000000,,3,0,0.0003,9727490.2775,-0.0038,-10.106,,1772077479,false
BTCSTUSDT,25,0.91912555,3,13786883.25,6698219.36,0.00010000,,3,0.0003,0.0003,,,,,1772077479,false
COTIUSDT,50,0.01210000,5,59411000.00,32391121.38,0.00010000,,3,0.0003,-0.00016554,1917183.65561,0.00048,4.131,1401922.92,1772077479,false
CHRUSDT,50,0.01848763,4,18082099.94,15803816.14,-0.00000791,,3,-0.00002373,0.00021398,2550035.1025,0.0002,1.099,1320805.41,1772077479,false
MANAUSDT,50,0.09970000,4,218659978.90,192943794.50,0.00010000,,3,0.0003,-0.0005204,8623297.0542,0.0084,9.200,3615213.82,1772077479,false
ALICEUSDT,50,0.10581583,3,105815830.00,101645255.14,0.00010000,,3,0.0003,-0.00010206,2547488.023,0.003,2.913,1355621.55,1772077479,false
HBARUSDT,50,0.10139710,5,5069855000.00,4360422237.17,-0.00001526,,3,-0.00004578,0.00012815,58850160.28856,0.00402,4.129,26833706.54,1772077479,false
ONEUSDT,25,0.00251537,5,31918483.31,,0.00010000,,3,0.0003,0.0003,3689190.23284,0.00019,8.155,1558463.07,1772077479,false
LINAUSDT,20,0.00011530,6,1153000.00,1152613.31,0.00000000,,3,0,0.0003,86817665.678621,0.000089,13.629,,1772077479,false
STMXUSDT,20,0.00011263,5,1407875.00,1238930.00,0.00000000,,3,0,0.00015,4248092.57636,0.00010,2.646,,1772077479,false
DENTUSDT,25,0.00022128,6,22128000.00,21166529.65,-0.00020855,,3,-0.00062565,-0.00551109,241653717.978675,0.000038,20.765,5733017.58,1772077479,false
CELRUSDT,50,0.00253000,5,25300000.00,14283000.99,-0.00108920,,3,-0.0032676,-0.00026341,1209102.91616,0.00013,5.417,836029.01,1772077479,false
HOTUSDT,50,0.00038348,6,68113500.37,68113500.37,0.00010000,,3,0.0003,0.00011706,3191331.544352,0.000010,2.681,1220981.82,1772077479,false
MTLUSDT,25,0.28120000,4,25069881.25,25069881.25,0.00010000,,3,0.0003,-0.00003516,1321917.6371,0.0160,6.033,952750.03,1772077479,false
OGNUSDT,50,0.02115361,4,29819500.38,13987991.24,0.00004178,,3,0.00012534,-0.00354821,4208832.5818,-0.0001,-0.472,1092173.6,1772077479,false
NKNUSDT,20,0.00916638,5,9166380.00,7309628.60,0.00000000,,3,0,0.00304415,4848895.41413,-0.00158,-21.975,,1772077479,false
SCUSDT,25,0.00113653,6,1136530.00,1112479.12,0.00000000,,3,0,0.0003,,,,,1772077479,false
DGBUSDT,50,0.00443521,5,93139410.00,80555891.70,0.00000000,,3,0,0.0003,45674718.93021,0.00305,18.862,,1772077479,false
1000SHIBUSDT,50,0.00620800,6,57194303999.94,57194303999.94,-0.00007353,,3,-0.00022059,-0.00000179,58549984.543176,0.000208,3.467,26625929.98,1772077479,false
BAKEUSDT,50,0.01231200,4,9006669.63,3554537.73,0.00000000,,3,0,0.0089454,24688403.6875,-0.0130,-34.301,,1772077479,false
GTCUSDT,25,0.09116588,3,9116588.00,7976239.77,0.00034164,,3,0.00102492,-0.00017044,979747.178,0.002,2.247,1241241.18,1772077479,false
BTCDOMUSDT,25,4994.39889660,1,,,0.00010000,,3,0.0003,0.00031968,9436249.7,-120.0,-2.346,15296954.82,1772077479,false
IOTXUSDT,25,0.00468500,5,1051780.63,1051780.63,0.00010000,,3,0.0003,-0.00091479,1454020.13961,0.00009,1.961,1371375.95,1772077479,false
RAYUSDT,25,0.63023027,3,349777799.85,169466578.93,0.00000000,,3,0,0.00015,,,,,1772077479,false
C98USDT,25,0.02481163,4,24811630.00,24811602.31,-0.00018052,,3,-0.00054156,-0.00036022,5290574.4418,-0.0010,-3.876,1865842.17,1772077479,false
MASKUSDT,25,0.44200000,4,441988429.77,441988429.77,-0.00004260,,3,-0.0001278,0.00002621,3788464.0246,0.0242,5.792,2079933.1,1772077479,false
ATAUSDT,25,0.01175000,4,11750000.00,11162500.00,0.00100411,,3,0.00301233,0.00006569,931957.9408,0.0002,1.739,883698.44,1772077479,false
DYDXUSDT,100,0.10142306,3,101423060.00,83556375.27,0.00010000,,3,0.0003,0.00016091,15975099.790,0.007,7.368,5188339.58,1772077479,false
1000XECUSDT,25,0.00800000,5,168000000000.00,159945687380.64,0.00010000,,3,0.0003,-0.00008111,1075271.56942,0.00035,4.575,876731.6,1772077479,false
GALAUSDT,50,0.00384010,5,192005000.00,181872104.97,0.00010000,,3,0.0003,0.00008685,38216607.12603,0.00034,9.687,7335841.11,1772077479,false
CELOUSDT,25,0.07947348,3,79473480.00,47275764.31,0.00010000,,3,0.0003,0.00022481,2312614.919,0.004,5.333,1921661.94,1772077479,false
ARUSDT,50,1.79316186,3,118348682.76,117369949.91,0.00006951,,3,0.00020853,0.00006145,52041588.464,-0.096,-5.093,4728862.62,1772077479,false
KLAYUSDT,25,0.15211000,4,951131137.03,,0.00000000,,3,0,0.0003,11033498.7470,-0.0060,-4.591,,1772077479,false
ARPAUSDT,25,0.00989856,5,19797120.00,9722114.24,-0.00054511,,3,-0.00163533,-0.00100006,2841106.32195,0.00029,3.021,1814981.82,1772077479,false
CTSIUSDT,25,0.02478440,4,24784400.00,22435776.52,0.00010000,,3,0.0003,0.00028207,1250674.3017,0.0003,1.224,1857265.14,1772077479,false
LPTUSDT,25,2.38500000,3,118508157.67,118508157.67,-0.00029199,,3,-0.00087597,-0.00293755,9958359.945,0.109,4.789,4664463.75,1772077479,false
ENSUSDT,25,6.61736410,3,661736410.00,252822218.72,0.00001078,,3,0.00003234,0.00005374,12061775.927,0.484,7.887,4363425.7,1772077479,false
PEOPLEUSDT,25,0.00684395,5,34674427.08,34674427.08,0.00010000,,3,0.0003,0.00012326,5475110.28839,0.00055,8.730,2573859.22,1772077479,false
ROSEUSDT,25,0.01310000,5,131000000.00,98883675.89,0.00001864,,3,0.00005592,-0.00037115,11322528.56103,0.00030,2.346,5869793.66,1772077479,false
DUSKUSDT,25,0.09432000,5,94320000.00,47160000.00,-0.00187872,,3,-0.00563616,-0.00273034,26138936.56287,0.00051,0.545,8390221.26,1772077479,false
FLOWUSDT,25,0.03705000,5,60887184.35,60887184.35,-0.00011623,,3,-0.00034869,-0.00140184,4815585.2359390,0.0015700,4.425,3441917.17,1772077479,false
IMXUSDT,25,0.17369571,4,347391420.00,147549650.68,0.00005000,,3,0.00015,-0.00002205,5797242.3560,0.0108,6.638,3873429.62,1772077479,false
API3USDT,20,0.31646115,4,51047789.87,45008127.87,-0.00458802,,3,-0.01376406,0.00002735,21173180.8534,0.0256,8.803,4374628.3,1772077479,false
GMTUSDT,50,0.01183000,5,30758000.00,30758000.00,0.00003878,,3,0.00011634,0.00011564,4660751.91668,0.00064,5.719,2489721.8,1772077479,false
APEUSDT,25,0.10900000,4,109000000000.00,,0.00009219,,3,0.00027657,-0.00146742,11049330.1209,0.0056,5.416,6942289.68,1772077479,false
WOOUSDT,50,0.01729440,5,17292893.21,17292893.21,0.00010000,,3,0.0003,-0.00012888,6004655.89138,0.00188,12.208,1773776.04,1772077479,false
FTTUSDT,8,0.32298707,4,106228865.98,,0.00000000,,3,0,0.0003,,,,,1772077479,false
JASMYUSDT,25,0.00592400,6,296200000.00,292912178.09,-0.00014655,,3,-0.00043965,-0.00062121,7333741.111293,0.000210,3.675,3975191.82,1772077479,false
DARUSDT,25,0.21705535,4,173644280.00,,0.00000000,,3,0,0.0003,8852777.7294,-0.0119,-7.707,,1772077479,false
OPUSDT,50,0.12510000,4,125100000.00,125100000.00,-0.00003772,,3,-0.00011316,-0.00006963,92858158.8540200,0.0073000,6.197,21600134.84,1772077479,false
INJUSDT,25,3.25300000,3,325300000.00,325300000.00,-0.00010533,,3,-0.00031599,-0.00085539,42960101.497500,0.070000,2.200,14105255.88,1772077479,false
STGUSDT,25,0.13250000,4,132500000.00,27839496.83,-0.00053787,,3,-0.00161361,-0.00174225,8318904.8902000,0.0015000,1.145,4313859.21,1772077479,false
SPELLUSDT,25,0.00018437,7,38717700.00,31621398.45,0.00008643,,3,0.00025929,-0.00023587,1135200.5620397,0.0000055,3.076,1091813.96,1772077479,false
1000LUNCUSDT,25,0.03616295,5,,,-0.00021713,,3,-0.00065139,-0.00013506,5921232.7729200,0.0010300,2.932,4290139.86,1772077479,false
LUNA2USDT,25,0.06401657,5,,,0.00005000,,3,0.00015,-0.00001307,4260993.3233000,0.0024400,3.961,2750422.19,1772077479,false
LDOUSDT,50,0.32716143,4,327161430.00,277814625.58,0.00008616,,3,0.00025848,0.00005259,19037763.764200,0.022300,7.309,10199649.85,1772077479,false
ICPUSDT,50,2.42300000,3,1330913460.13,1330913460.13,0.00004657,,3,0.00013971,-0.00127642,59780641.578000,0.245000,11.249,23941280.17,1772077479,false
APTUSDT,50,0.97573258,4,1168369402.52,760913662.79,0.00010000,,3,0.0003,-0.00027386,145862499.67404,0.12930,15.284,30264686.26,1772077479,false
QNTUSDT,25,64.30000000,2,939583299.90,935190516.80,-0.00005960,,3,-0.0001788,-0.00012028,5440004.348000,-0.020000,-0.031,3280489.55,1772077479,false
FETUSDT,20,0.16750000,4,454659411.62,380042321.32,0.00009607,,3,0.00028821,-0.00068975,26311025.7130000,0.0129000,8.344,21672733.55,1772077479,false
FXSUSDT,20,0.80600000,4,,,0.00000000,,3,0,0.00109112,4045217.737404,-0.020598,-3.076,,1772077479,false
HOOKUSDT,20,0.02386000,5,11930000.00,7834033.33,-0.00018978,,3,-0.00056934,0.00002862,1061900.951549,0.001010,4.420,1061860.31,1772077479,false
MAGICUSDT,20,0.06496594,5,22589567.32,21148193.86,-0.00008701,,3,-0.00026103,-0.00047981,3399018.411455,0.002170,3.453,2440818.59,1772077479,false
TUSDT,20,0.00661500,6,1984500.00,1895197.50,0.00005000,,3,0.00015,-0.00000369,1134539.2316860,0.0001390,2.146,1610218.92,1772077479,false
HIGHUSDT,25,0.14516629,4,60969841.80,,0.00010000,,3,0.0003,0.0000951,2034709.203640,0.003900,2.758,937342.02,1772077479,false
MINAUSDT,20,0.06015609,5,76731944.74,76731944.74,0.00005623,,3,0.00016869,-0.00014342,3678518.8998400,0.0035700,6.304,2408668.55,1772077479,false
ASTRUSDT,20,0.00753600,6,65129353.60,64434364.72,0.00007693,,3,0.00023079,0.00000788,1930721.2535140,0.0002100,2.867,1609974.09,1772077479,false
AGIXUSDT,25,0.49620000,4,992400000.00,124232424.95,0.00000000,,3,0,0.0003,113687318.3536000,0.1108000,18.776,,1772077479,false
PHBUSDT,20,0.14360000,4,9190400.00,9131360.30,0.00010000,,3,0.0003,0.00022555,1325842.3270000,0.0027000,1.916,1014475.84,1772077479,false
GMXUSDT,20,6.89200000,3,91319000.00,71643042.98,0.00010000,,3,0.0003,0.00001004,2032697.459770,0.397000,6.112,1764583.71,1772077479,false
CFXUSDT,50,0.05149000,5,51490000.00,51484022.89,0.00004513,,3,0.00013539,0.00007252,5333035.9676500,0.0020400,4.125,3597708.97,1772077479,false
STXUSDT,25,0.26259781,4,480931378.44,480931378.44,0.00010000,,3,0.0003,-0.00009784,9297072.8170000,0.0204000,8.419,4678777.4,1772077479,false
BNXUSDT,50,1.55000000,4,32550000.00,4088534.20,0.00000000,,3,0,0.00015,492004952.044990,0.797900,66.376,,1772077479,false
ACHUSDT,20,0.00731186,6,73118600.00,36147576.97,0.00010000,,3,0.0003,-0.00004757,5900461.3033480,0.0002410,3.410,2330808.62,1772077479,false
SSVUSDT,20,3.07500000,3,45199956.98,45199956.98,0.00010000,,3,0.0003,0.00012953,2766019.745050,0.165000,5.670,1324810.09,1772077479,false
CKBUSDT,20,0.00158445,6,77723104.26,76503958.62,0.00010000,,3,0.0003,0.00016227,1260391.3362300,0.0000570,3.730,1261852.11,1772077479,false
PERPUSDT,20,0.01915205,4,2872807.50,1390627.75,0.00000000,,3,0,0.00126746,1561495.091460,-0.019700,-20.143,,1772077479,false
TRUUSDT,20,0.00542161,6,18067662802.23,,0.00087664,,3,0.00262992,0.00035675,2309961.0317550,0.0003120,6.066,1326917.29,1772077479,false
LQTYUSDT,20,0.26760000,4,26760000.00,26262301.20,0.00009829,,3,0.00029487,-0.00054547,2003389.592550,-0.000900,-0.335,1348349.91,1772077479,false
USDCUSDT,50,0.99940500,6,858514.88,858514.88,0.00003227,,3,0.00009681,0.00007751,4500133.5781120,-0.0002140,-0.021,7396003.76,1772077479,false
IDUSDT,20,0.04535203,5,36281624.00,5292581.90,0.00010000,,3,0.0003,0.00015057,1597254.4794400,0.0017100,3.920,1655493.68,1772077479,false
ARBUSDT,50,0.09930000,4,99269674.97,99269674.97,-0.00001896,,3,-0.00005688,-0.00003228,92592339.635920,0.006100,6.552,25390716.33,1772077479,false
JOEUSDT,20,0.03821000,5,19105000.00,15420572.05,0.00010000,,3,0.0003,0.00013516,1531910.7908500,0.0027900,7.879,820278.26,1772077479,false
TLMUSDT,25,0.00165300,6,16530000.00,10741564.12,0.00010000,,3,0.0003,-0.00179717,1507533.8530260,0.0000630,3.962,713391.59,1772077479,false
AMBUSDT,20,0.00009032,6,1274051.80,,0.00000000,,3,0,0.00015,66723120.3970960,-0.0006190,-34.256,,1772077479,false
LEVERUSDT,20,0.00006754,7,2363900.00,2363849.12,0.00000000,,3,0,0.01462612,84688815.4293736,-0.0000191,-14.514,,1772077479,false
RDNTUSDT,20,0.00559500,6,8392500.00,7229153.85,0.00010000,,3,0.0003,0.00016209,1232782.8052920,0.0003150,5.966,1487005.23,1772077479,false
HFTUSDT,20,0.01488000,5,14880000.00,10695354.87,-0.00007960,,3,-0.0002388,-0.00002821,1980226.6313900,0.0005600,3.911,1264349.42,1772077479,false
XVSUSDT,20,3.06026717,3,91808015.10,51290882.62,-0.00012487,,3,-0.00037461,0.0000367,2016000.766100,-0.046000,-1.480,1403108.93,1772077479,false
BLURUSDT,25,0.02091721,5,62751630.00,57347060.52,-0.00007641,,3,-0.00022923,-0.00012944,2646246.9367300,0.0012400,6.301,2148462.68,1772077479,false
EDUUSDT,20,0.11690000,4,116900000.00,97187737.38,0.00010000,,3,0.0003,0.0003,5638632.0211000,-0.0002000,-0.171,3759787.83,1772077479,false
IDEXUSDT,20,0.00659702,5,6597020.00,6565097.86,0.00000000,,3,0,0.0003,2205402.7651800,-0.0014700,-2.553,,1772077479,false
SUIUSDT,50,0.96360000,4,9636000000.00,3706171847.02,0.00010000,,3,0.0003,-0.00004594,330376953.997670,0.079800,9.030,98526342.88,1772077479,false
1000PEPEUSDT,25,0.00410198,7,1725661966200.00,1725661966200.00,0.00010000,,3,0.0003,0.00016973,492553644.6382115,0.0000882,2.197,67541483.35,1772077479,false
1000FLOKIUSDT,20,0.03026441,5,302644100000.00,292198995038.31,0.00003862,,3,0.00011586,-0.00041341,16241576.1626700,0.0018500,6.512,4620523.71,1772077479,false
UMAUSDT,20,0.46165247,4,58965020.61,41687110.48,-0.00037597,,3,-0.00112791,-0.00148126,4810752.156300,0.009300,2.058,2174813.86,1772077479,false
RADUSDT,20,0.23936353,4,23936353.00,11927271.91,0.00000000,,3,0,0.0003,6187462.766800,-0.036700,-2.129,,1772077479,false
KEYUSDT,20,0.00055633,7,53964.01,53964.01,0.00000000,,3,0,0.0003,17556005.8645187,0.0002102,9.109,,1772077479,false
COMBOUSDT,20,0.00480100,4,480100.00,231562.21,0.00000000,,3,0,0.0003,21057115.623950,-0.006900,-9.031,,1772077479,false
NMRUSDT,20,8.10007589,3,89100834.79,64862985.80,0.00005000,,3,0.00015,0.00009729,2540900.797700,0.413000,5.371,3474384.99,1772077479,false
MAVUSDT,20,0.01465231,5,29304620.00,12351247.94,0.00010000,,3,0.0003,0.00025722,1089940.3764600,0.0003700,2.589,1332542.99,1772077479,false
MDTUSDT,20,0.01042180,5,10421800.00,6318943.02,0.00000000,,3,0,0.0003,13059404.4263200,0.0045000,7.652,,1772077479,false
XVGUSDT,20,0.00598847,6,99139120.85,98941209.32,0.00010000,,3,0.0003,-0.00016468,2893797.5591082,0.0001430,2.447,2005536.73,1772077479,false
WLDUSDT,20,0.41176270,4,4117627000.00,1181037906.81,0.00008260,,3,0.0002478,0.00014382,88844207.5364000,0.0199000,5.080,44443143.38,1772077479,false
PENDLEUSDT,20,1.29770000,4,365338169.27,214508848.40,0.00010000,,3,0.0003,-0.00021161,15832674.4706000,0.0550000,4.425,10304260.97,1772077479,false
ARKMUSDT,10,0.11448756,4,114487560.00,65089850.85,0.00010000,,3,0.0003,-0.00007316,6976266.0407000,0.0066000,6.111,2979963.96,1772077479,false
AGLDUSDT,20,0.28010000,4,26889600.00,24489143.28,-0.00016141,,3,-0.00048423,-0.00557213,28326344.5171000,-0.0096000,-3.314,4520836.13,1772077479,false
YGGUSDT,10,0.04127333,5,41273330.00,29518729.94,-0.00005898,,3,-0.00017694,-0.00119797,9624555.7882700,0.0004800,1.178,4097985.19,1772077479,false
DODOXUSDT,20,0.01588267,6,,,0.00005000,,3,0.00015,0.00017655,1365180.8160950,0.0012800,8.760,583752.7,1772077479,false
BNTUSDT,20,0.29521552,4,32633821.77,32217706.04,0.00010000,,3,0.0003,0.00055625,944498.0538000,0.0171000,6.144,1138109.85,1772077479,false
OXTUSDT,20,0.01683310,5,16833100.00,9957531.58,-0.00017146,,3,-0.00051438,-0.00059757,825654.9918300,0.0006200,3.820,695156.78,1772077479,false
SEIUSDT,20,0.07105351,4,7099850.68,188365772.00,0.00006887,,3,0.00020661,-0.00048457,31372048.2875000,0.0040000,5.961,13042784.94,1772077479,false
CYBERUSDT,20,0.55870000,4,55870000.00,34014494.05,-0.00049565,,3,-0.00148695,-0.00195387,7569256.858430,0.008600,1.563,4700268.63,1772077479,false
HIFIUSDT,15,0.04455556,5,6326114.39,5901253.20,0.00000000,,3,0,0.00369898,37328390.6661000,-0.0222000,-19.121,,1772077479,false
ARKUSDT,10,0.18499667,4,35595022.80,35544279.32,-0.00003114,,3,-0.00009342,0.00002311,1085818.2472000,0.0061000,3.410,1085491.09,1772077479,false
GLMRUSDT,10,0.01327722,5,16180928.06,14194303.70,0.00000000,,3,0,0.0003,6498856.2546600,-0.0095000,-3.536,,1772077479,false
BICOUSDT,10,0.02118000,5,21180000.00,21179967.26,0.00010000,,3,0.0003,0.00015331,1294924.0927100,0.0003100,1.488,1009856.51,1772077479,false
STRAXUSDT,10,0.01526564,4,32633235.16,31488526.99,0.00000000,,3,0,0.00015,57366886.5831000,-0.1516000,-9.662,,1772077479,false
LOOMUSDT,10,0.00142400,5,1851200.00,1769919.36,0.00000000,,3,0,0.00015,15017366.4581800,0.0043000,5.598,,1772077479,false
BIGTIMEUSDT,50,0.01524387,5,76219350.00,29089039.62,-0.00005609,,3,-0.00016827,-0.00020101,2121019.6383700,0.0006300,4.312,1633844.15,1772077479,false
BONDUSDT,30,0.15954000,3,1595400.00,1560567.79,0.00000000,,3,0,0.00015,10318452.347100,0.011000,1.040,,1772077479,false
ORBSUSDT,20,0.01807714,6,180771400.00,88613167.01,0.00000000,,3,0,0.00015,4744389.8263340,-0.0014200,-3.882,,1772077479,false
STPTUSDT,50,0.07024000,5,,,0.00000000,,3,0,0.00015,3140300.7723900,-0.0010900,-2.013,,1772077479,false
WAXPUSDT,50,0.00654500,6,55118506.21,29789255.56,0.00005000,,3,0.00015,0.00006155,701579.9025610,0.0002630,4.188,1035494.08,1772077479,false
BSVUSDT,50,16.32000000,2,342720000.00,326292434.88,-0.00011717,,3,-0.00035151,-0.00038221,1673625.95800,0.25000,1.556,2554954.75,1772077479,false
RIFUSDT,50,0.03281362,5,32813620.00,32813620.00,0.00005000,,3,0.00015,0.00015,1423272.9489100,-0.0012200,-3.584,1116000.47,1772077479,false
POLYXUSDT,50,0.04350000,5,54372204.82,54372204.82,-0.00002819,,3,-0.00008457,-0.00010016,1246446.6592400,0.0013100,3.105,1734615.22,1772077479,false
GASUSDT,50,1.63597606,3,106491540.18,106491540.18,-0.00055228,,3,-0.00165684,-0.00169426,6904706.614900,0.070000,4.470,2612244.28,1772077479,false
POWRUSDT,50,0.06436000,5,64360000.00,34095474.92,0.00005000,,3,0.00015,0.00007702,998958.3600300,0.0024000,3.873,846892.26,1772077479,false
TIAUSDT,50,0.34680000,4,350268000.00,72154269.21,0.00004364,,3,0.00013092,0.00011692,74707669.6705000,0.0381000,12.342,14333872.05,1772077479,false
SNTUSDT,50,0.02531000,5,172231264.10,100239844.67,0.00000000,,3,0,0.00015,34068511.7459300,-0.0009900,-2.629,,1772077479,false
CAKEUSDT,50,1.32640000,4,530560000.00,438769203.14,0.00005000,,3,0.00015,0.00004959,16456783.4506000,0.0952000,7.734,8664909.61,1772077479,false
MEMEUSDT,50,0.00065080,7,650800.00,650561.54,-0.00003873,,3,-0.00011619,-0.00000299,6778243.5079932,-0.0000038,-0.581,2200708.28,1772077479,false
TWTUSDT,50,0.50331844,4,503318440.00,209707577.69,0.00005000,,3,0.00015,0.00001588,2360098.538100,-0.004500,-0.886,2480384.48,1772077479,false
TOKENUSDT,50,0.00304783,6,3047830.00,1523915.00,0.00000000,,3,0,0.00219447,1578511.3727040,-0.0004920,-11.418,,1772077479,false
ORDIUSDT,50,2.55900000,3,53739000.00,53739000.00,0.00004234,,3,0.00012702,-0.0000421,13420297.431400,0.176000,7.386,4354487.55,1772077479,false
STEEMUSDT,50,0.06608927,5,35726314.66,35708771.13,-0.00263790,,3,-0.0079137,-0.00393335,85448903.325280,0.008400,14.662,3641246.09,1772077479,false
BADGERUSDT,50,0.89344286,4,893442860.00,891195246.35,0.00000000,,3,0,0.00015,5624170.029900,-0.026900,-3.118,,1772077479,false
ILVUSDT,50,3.71240001,3,35628678.79,35213472.83,-0.00000976,,3,-0.00002928,-0.00010729,953312.44840,0.17500,4.952,976993.8,1772077479,false
NTRNUSDT,50,0.01185000,5,11850000.00,7947629.21,0.00005000,,3,0.00015,0.00017641,1830878.390210,0.000070,0.594,1315942.26,1772077479,false
KASUSDT,50,0.03131018,5,898728239.60,838397342.90,0.00005000,,3,0.00015,-0.00007541,8191343.3875000,0.0017600,5.950,3085514.23,1772077479,false
BEAMXUSDT,50,0.00204876,6,,,0.00005000,,3,0.00015,0.00015,2027369.7135230,0.0000890,4.539,5999080.56,1772077479,false
1000BONKUSDT,50,0.00642500,6,565369692420.48,565368843635.99,0.00005000,,3,0.00015,-0.00001501,47845905.9871420,0.0005910,10.129,17966998.86,1772077479,false
PYTHUSDT,50,0.05376430,5,537643000.00,309143779.98,-0.00000121,,3,-0.00000363,0.00006688,7895947.0595900,0.0020000,3.863,5835111.63,1772077479,false
SUPERUSDT,50,0.11580000,4,1158000.00,,-0.00030397,,3,-0.00091191,-0.00017695,2799602.3772000,0.0052000,4.702,2204148.55,1772077479,false
USTCUSDT,50,0.00496298,6,30190774.46,27696370.64,0.00005000,,3,0.00015,0.0001075,956307.6988000,0.0002100,4.417,965609.05,1772077479,false
ONGUSDT,50,0.06466000,5,64660000.00,28762791.21,-0.00012422,,3,-0.00037266,-0.00036622,1914311.5234800,0.0015100,2.391,864121.8,1772077479,false
ETHWUSDT,50,0.32750000,4,35310629.82,35310629.82,0.00005000,,3,0.00015,0.00015,1004879.281900,0.014800,4.733,591820.67,1772077479,false
JTOUSDT,50,0.29153722,4,291537220.00,128454002.85,-0.00040617,,3,-0.00121851,-0.0015178,13920945.411100,0.010900,3.886,6880646.6,1772077479,false
1000SATSUSDT,50,0.00001140,7,239.40,,0.00005000,,3,0.00015,0.00007323,3604795.1128251,0.0000006,5.556,1601822.43,1772077479,false
AUCTIONUSDT,50,5.01410976,3,50141097.60,35551783.11,0.00005000,,3,0.00015,-0.00002434,4043121.414030,0.117000,2.389,4606948.8,1772077479,false
1000RATSUSDT,50,0.04410560,5,44105600000.00,,0.00005000,,3,0.00015,0.00050755,4357062.9279300,-0.0047600,-9.734,8610726.85,1772077479,false
ACEUSDT,50,0.15350000,4,153500000.00,153499955.95,0.00005000,,3,0.00015,-0.0003608,2673286.630082,0.004400,2.951,1235288.06,1772077479,false
MOVRUSDT,50,1.30516735,3,16133216.68,14615399.72,0.00005000,,3,0.00015,0.00002915,1738616.176880,0.067000,5.408,1175398.84,1772077479,false
NFPUSDT,50,0.01511640,5,15116400.00,8086269.14,0.00005000,,3,0.00015,0.00014631,922506.0346850,0.0005200,3.559,1192562.89,1772077479,false
AIUSDT,50,0.02110185,5,21098620.47,,0.00005000,,3,0.00015,0.00015,1709114.875650,0.000620,3.029,947922.37,1772077479,false
XAIUSDT,50,0.00979262,5,9792.62,103.08,0.00002180,,3,0.0000654,-0.00029737,1333206.0119600,0.0005300,5.724,1064974.81,1772077479,false
WIFUSDT,50,0.21644301,4,216210635.05,216210635.05,0.00005000,,3,0.00015,-0.00024388,107958589.0702600,0.0216000,11.066,20970892.84,1772077479,false
MANTAUSDT,50,0.06628351,5,66283510.00,30817245.53,0.00005000,,3,0.00015,0.00005428,2548590.8175790,0.0030500,4.821,2279834.66,1772077479,false
ONDOUSDT,50,0.27420000,4,2742000000.00,1335170463.41,0.00002526,,3,0.00007578,0.00002019,41629912.3598700,0.0205000,8.080,16618285.33,1772077479,false
LSKUSDT,50,0.13320000,4,53280000.00,30203819.15,0.00005000,,3,0.00015,0.00010576,1757776.534200,0.001500,1.139,1575575.38,1772077479,false
ALTUSDT,50,0.00772412,5,7724120.00,,-0.00005664,,3,-0.00016992,0.00004175,2047794.6814100,0.0001800,2.387,1962215.86,1772077479,false
JUPUSDT,50,0.16204364,4,162043640.00,162043640.00,-0.00010320,,3,-0.0003096,-0.00025025,14761476.7604000,0.0149000,10.122,12144421.2,1772077479,false
ZETAUSDT,50,0.05368000,5,112728000.00,67992989.18,-0.00016827,,3,-0.00050481,-0.00030598,4986590.925950,0.002740,5.379,1263800.32,1772077479,false
RONINUSDT,50,0.10460000,4,,,-0.00000006,,3,-0.00000018,-0.00034762,1379481.245600,0.006600,6.735,1330739.61,1772077479,false
DYMUSDT,50,0.03947000,5,39470000.00,18561003.85,-0.00026353,,3,-0.00079059,-0.00022432,2783578.214266,0.000620,1.596,1691120,1772077479,false
OMUSDT,50,0.06777170,5,119346952.42,79951678.25,0.00000000,,3,0,-0.00843055,36033612.9050992,0.0002590,0.383,,1772077479,false
PIXELUSDT,50,0.00522325,6,5223250.00,5209529.59,0.00004201,,3,0.00012603,0.00005051,1335678.5132240,0.0002370,4.754,894226.81,1772077479,false
STRKUSDT,50,0.04454982,5,445498200.00,242689151.22,-0.00006541,,3,-0.00019623,-0.00023322,15020162.2575530,0.0024800,5.896,7593278.82,1772077479,false
GLMUSDT,50,0.14970718,5,149707180.00,149707180.00,-0.00010888,,3,-0.00032664,0.00007308,3847609.3400900,0.0009800,0.659,1945417.41,1772077479,false
PORTALUSDT,50,0.01266649,5,12666490.00,9677274.38,0.00005000,,3,0.00015,0.00008977,2278155.7327800,0.0005200,4.283,866587.47,1772077479,false
TONUSDT,50,1.31500000,4,52.60,52.60,-0.00014095,,3,-0.00042285,-0.00021562,42501031.2351300,0.0161000,1.240,28953346.9,1772077479,false
AXLUSDT,50,0.05717000,5,70470789.33,64380349.06,-0.00183346,,3,-0.00550038,-0.0078876,103050694.8342820,0.0045200,8.585,4862700.13,1772077479,false
MYROUSDT,50,0.00361188,5,,,0.00000000,,3,0,0.00153707,4016063.5768500,-0.0016600,-14.225,,1772077479,false
METISUSDT,50,3.40014575,3,34001457500.00,,0.00005000,,3,0.00015,0.00013625,2077991.5005,0.1820,5.656,1452457.29,1772077479,false
AEVOUSDT,50,0.02389305,5,23893050.00,21890438.84,-0.00001050,,3,-0.0000315,0.00000401,1861544.5779620,0.0008600,3.736,1472512.31,1772077479,false
VANRYUSDT,50,0.00562265,6,13494360.00,12089381.21,0.00005000,,3,0.00015,0.00003639,1645189.7330430,0.0001880,3.456,1319185.19,1772077479,false
BOMEUSDT,50,0.00040720,7,28096661.38,28096661.38,0.00004887,,3,0.00014661,0.00006418,6005764.5940733,0.0000249,6.512,2131822.25,1772077479,false
ETHFIUSDT,50,0.52706783,4,527067830.00,392172233.17,-0.00001307,,3,-0.00003921,0.0001468,23790053.0185400,0.0164000,3.209,14934866.64,1772077479,false
ENAUSDT,50,0.10987756,4,1648163400.00,903742931.00,0.00005000,,3,0.00015,0.00009532,103647438.7477000,0.0100000,10.010,62016689.05,1772077479,false
WUSDT,50,0.01977336,5,19773360.00,19773360.00,0.00004854,,3,0.00014562,0.00000373,5363748.2411760,0.0006200,3.236,4098031.99,1772077479,false
TNSRUSDT,50,0.04941000,5,49410000.00,16532943.68,-0.00007462,,3,-0.00022386,-0.00001612,5066404.9869190,0.0006100,1.251,2373989.91,1772077479,false
SAGAUSDT,50,0.03210246,5,35043729.38,11426722.61,0.00002609,,3,0.00007827,0.00005846,4161635.8827170,0.0030100,10.344,1683277.55,1772077479,false
TAOUSDT,50,185.10000000,2,3887100000.00,1776495584.10,-0.00004758,,3,-0.00014274,-0.00007896,112924961.77,12.27,7.102,36596489.72,1772077479,false
OMNIUSDT,50,3.87958490,3,2398126.61,2398126.61,0.00000000,,3,0,-0.00372798,67820986.7876,0.2130,5.245,,1772077479,false
REZUSDT,50,0.00302930,6,30293000.00,13623015.89,0.00005000,,3,0.00015,-0.00004426,2041016.4480840,0.0001020,3.484,1189192.68,1772077479,false
BBUSDT,50,0.02765093,5,27650930000000.00,,0.00005000,,3,0.00015,0.00012056,2704201.8617800,0.0006500,2.405,1482461.23,1772077479,false
NOTUSDT,50,0.00038870,7,39825019.12,38648226.42,0.00005000,,3,0.00015,0.00010244,3174587.7204539,0.0000250,6.868,1553836.42,1772077479,false
TURBOUSDT,50,0.00104999,7,72449310.00,72449310.00,0.00000146,,3,0.00000438,-0.00005863,8455802.0583486,0.0000597,6.021,2400463.62,1772077479,false
IOUSDT,50,0.11727337,4,93818696.00,33460269.29,-0.00006728,,3,-0.00020184,-0.00047951,3850572.9331400,0.0069000,6.244,2869044.48,1772077479,false
ZKUSDT,50,0.02016000,5,423360000.00,185847810.85,0.00000680,,3,0.0000204,0.00009133,13602386.2052900,0.0003700,1.872,12561896.73,1772077479,false
MEWUSDT,50,0.00062699,7,55732444.44,55732444.44,0.00005000,,3,0.00015,-0.00009368,2718501.5254140,0.0000446,7.650,1266514.41,1772077479,false
LISTAUSDT,50,0.08550710,4,85507100.00,24279331.55,0.00005000,,3,0.00015,0.00015,1549508.1092000,0.0039000,4.779,1428901.11,1772077479,false
ZROUSDT,50,1.52160124,4,1521601240.00,308320580.26,-0.00005946,,3,-0.00017838,0.0000248,43659885.1307400,0.0205000,1.365,27864035.43,1772077479,false
RENDERUSDT,50,1.47733326,3,951764704.96,766314497.97,0.00003527,,3,0.00010581,0.00005025,24083108.8181000,0.1040000,7.569,9503010.9,1772077479,false
BANANAUSDT,50,4.44859951,3,22297172.59,22297172.59,0.00005000,,3,0.00015,0.00003519,1902325.9372000,0.2880000,6.923,1488748.29,1772077479,false
RAREUSDT,50,0.01902267,5,19022670.00,15595330.66,0.00005000,,3,0.00015,0.0001461,1312068.5366300,0.0009100,5.019,1939777.69,1772077479,false
GUSDT,50,0.00362000,6,1522897800.00,,-0.00027827,,3,-0.00083481,-0.00043144,780934.1703570,0.0001060,3.017,1387254.16,1772077479,false
SYNUSDT,50,0.04911865,5,12279662.50,10760252.16,0.00005000,,3,0.00015,0.00012993,2861342.0129700,0.0018000,3.794,1402211.08,1772077479,false
SYSUSDT,50,0.01133013,5,9618969.56,9618969.56,0.00005000,,3,0.00015,0.00015,552021.2774400,0.0003400,3.094,723851.58,1772077479,false
VOXELUSDT,50,0.01218000,5,3654000.00,2962937.02,0.00000000,,3,0,0.0005683,14018255.2874212,-0.0003512,-1.581,,1772077479,false
BRETTUSDT,50,0.00748968,5,7489680.00,7489680.00,0.00005000,,3,0.00015,-0.00003487,2709261.2349800,0.0003700,5.189,1037605.72,1772077479,false
ALPACAUSDT,75,0.01882000,5,18129494.97,18087263.83,0.00000000,,3,0,0.0000375,2911352253.7450800,0.9477500,391.228,,1772077479,false
POPCATUSDT,75,0.05060581,5,49592615.59,49592614.38,0.00004760,,3,0.0001428,-0.00026625,5602026.4511000,0.0025300,5.258,2554657.55,1772077479,false
SUNUSDT,75,0.01620700,6,322531131.11,311397273.40,-0.00020366,,3,-0.00061098,0.00004032,2357945.1665020,-0.0003070,-1.859,1975555.64,1772077479,false
VIDTUSDT,75,0.00032760,5,,,0.00000000,,3,0,0.000075,116094468.4026600,-0.0021600,-42.436,,1772077479,false
NULSUSDT,75,0.00957000,4,2009700.00,1093290.12,0.00000000,,3,0,0.00015,19986545.1954000,-0.0100000,-24.213,,1772077479,false
DOGSUSDT,75,0.00002812,7,11829802800.00,11829802800.00,-0.00000037,,3,-0.00000111,-0.00005618,1817448.6364969,0.0000014,5.243,1416807.35,1772077479,false
MBOXUSDT,75,0.01889647,5,18896470.00,9454328.49,0.00005000,,3,0.00015,0.00013165,717269.2534100,0.0005400,2.941,683294.31,1772077479,false
CHESSUSDT,75,0.00305985,5,286490.30,,0.00000000,,3,0,0.01061764,34803123.0474900,-0.0082342,-30.748,,1772077479,false
FLUXUSDT,75,0.06473942,4,337663.21,337663.21,-0.00005051,,3,-0.00015153,0.00008434,676424.3303000,0.0016000,2.540,744362.13,1772077479,false
BSWUSDT,75,0.00686275,5,686275.00,,0.00000000,,3,0,0.00827007,65917286.2996200,-0.0150100,-55.164,,1772077479,false
QUICKUSDT,75,0.00988445,5,9884.45,7776.57,0.00000000,,3,0,-0.00039399,1544270.4601800,-0.0003700,-2.799,,1772077479,false
NEIROETHUSDT,75,0.00304800,5,,,0.00000000,,3,0,0.01853235,83925618.8442400,-0.0077400,-47.282,,1772077479,false
RPLUSDT,75,1.94900000,3,43268248.27,43268248.27,-0.00032278,,3,-0.00096834,-0.00077536,4987124.6486000,0.0410000,2.151,2700596.77,1772077479,false
POLUSDT,75,0.11380000,5,324458.25,324458.25,-0.00014251,,3,-0.00042753,-0.0001393,28962157.1461500,-0.0013200,-1.147,18554534.2,1772077479,false
UXLINKUSDT,75,0.03704160,4,37041600.00,29123103.23,0.00000000,,3,0,0.00305565,116838214.8908000,0.0047000,6.891,,1772077479,false
1MBABYDOGEUSDT,75,0.00040945,7,171969000000000.00,,0.00005000,,3,0.00015,0.00011934,4947951.6210754,0.0000336,8.936,1739099.99,1772077479,false
NEIROUSDT,75,0.00007212,7,72120.00,72111.73,0.00005000,,3,0.00015,0.00015,14017027.12689270,0.00000460,6.805,2963018.87,1772077479,false
KDAUSDT,75,0.00576382,5,5763820.00,1951549.24,0.00000000,,3,0,0.00335866,0,0.0000000,0.00,,1772077479,false
FIDAUSDT,75,0.01614581,5,16145810.00,15999059.81,0.00005000,,3,0.00015,-0.00011174,2225227.3058500,0.0005000,3.195,1341639.07,1772077479,false
FIOUSDT,75,0.00853000,5,8530000.00,7153928.66,0.00005000,,3,0.00015,0.00015,562951.5669200,0.0003600,4.406,1185560.31,1772077479,false
CATIUSDT,75,0.03906343,5,39063430.00,15541117.03,0.00005000,,3,0.00015,0.00015,1042335.2355800,-0.0007000,-1.761,2245365.02,1772077479,false
GHSTUSDT,75,0.11021857,4,5813787.42,5638477.73,0.00000000,,3,0,0.00048776,3982589.9436000,-0.0206750,-19.842,,1772077479,false
LOKAUSDT,75,0.15348159,5,76740795.00,3829429.52,0.00000000,,3,0,0.0013877,19782534.1948800,0.0108900,10.641,,1772077479,false
HMSTRUSDT,75,0.00017000,7,17000000.00,10943750.00,0.00004614,,3,0.00013842,0.00007148,2446934.8121879,0.0000045,2.719,1246454.95,1772077479,false
REIUSDT,75,0.00376740,5,3767400.00,1874896.74,0.00000000,,3,0,0.0019553,5650676.7422392,-0.0003167,-5.305,,1772077479,false
COSUSDT,75,0.00101400,6,101400000.00,101400000.00,0.00000998,,3,0.00002994,0.00015,482451.9490370,0.0000250,2.528,730589.18,1772077479,false
EIGENUSDT,75,0.20005223,4,359774822.66,119347912.57,-0.00009032,,3,-0.00027096,0.00003285,14299193.2751700,0.0061000,3.148,5883566.43,1772077479,false
DIAUSDT,75,0.18797521,4,37595042.00,22496140.78,0.00005000,,3,0.00015,0.00007592,821589.7338000,0.0131000,7.490,845607.61,1772077479,false
1000CATUSDT,75,0.00177369,6,2128.43,2056.13,0.00005000,,3,0.00015,0.00021057,1382513.9917220,0.0001090,6.539,942180.13,1772077479,false
SCRUSDT,75,0.04365309,5,4365309.00,,0.00005000,,3,0.00015,0.00009884,789342.3524000,0.0024400,5.919,1211034.67,1772077479,false
GOATUSDT,75,0.01979000,5,19789927233.40,,-0.00052678,,3,-0.00158034,-0.00107837,1672149.6993400,0.0007100,3.721,1177541.81,1772077479,false
MOODENGUSDT,75,0.05321205,5,53212050.00,52676664.78,0.00005000,,3,0.00015,0.00003173,12711337.7068400,0.0016500,3.197,3271055.93,1772077479,false
SAFEUSDT,75,0.10880000,4,108800000.00,76231519.03,-0.00021325,,3,-0.00063975,0.00007815,1016458.3562000,0.0058000,5.631,978530.99,1772077479,false
SANTOSUSDT,75,1.50000000,3,45000000.00,24142281.00,-0.00006288,,3,-0.00018864,-0.00003294,2790862.2446000,-0.0440000,-2.850,1871999.1,1772077479,false
TROYUSDT,75,0.00033000,6,3300000.00,3300000.00,0.00000000,,3,0,0.000075,44261336.4916370,-0.0001310,-41.195,,1772077479,false
PONKEUSDT,75,0.03155306,5,17529477.76,17526912.97,0.00000000,,3,0,-0.00012915,935354.0140400,0.0003200,0.848,,1772077479,false
COWUSDT,75,0.22340000,4,223400000.00,217775654.79,-0.00011696,,3,-0.00035088,-0.00057014,3268398.1397000,0.0051000,2.336,2788228.15,1772077479,false
CETUSUSDT,75,0.01652000,5,16520000.00,15029608.68,0.00005000,,3,0.00015,0.00010614,892411.6373600,0.0007500,4.759,993805.3,1772077479,false
1000000MOGUSDT,75,0.17215288,4,172152880.00,171747473.05,0.00005000,,3,0.00015,0.00015,1842918.8043300,0.0121000,7.548,571808.13,1772077479,false
GRASSUSDT,75,0.21412482,4,214124820.00,100983235.92,0.00005000,,3,0.00015,0.00010097,13764848.4602400,0.0245000,12.929,2921200.92,1772077479,false
DRIFTUSDT,75,0.08510000,4,85100000.00,47312435.39,0.00002827,,3,0.00008481,-0.00009692,2031194.4590000,0.0008000,0.949,1817247.27,1772077479,false
SWELLUSDT,75,0.00136567,6,1011282.06,1011282.06,0.00000000,,3,0,0.00002319,2716744.3356130,-0.0001770,-6.563,,1772077479,false
ACTUSDT,75,0.01438000,5,32078398.11,24587933.71,-0.00021685,,3,-0.00065055,-0.00016389,2788252.6822300,0.0003900,2.790,2475660.58,1772077479,false
PNUTUSDT,75,0.04780701,5,4780701.00,4780701.00,0.00005000,,3,0.00015,0.00003642,9576230.7422600,0.0025400,5.608,3840102.91,1772077479,false
HIPPOUSDT,75,0.00059480,7,5948000.00,5948000.00,0.00005000,,3,0.00015,0.00015,827451.6597999,0.0000074,1.259,1424025.11,1772077479,false
1000XUSDT,75,0.02084400,5,208440000000000.00,,0.00000000,,3,0,0.00149011,3854733.0702300,-0.0043300,-14.491,,1772077479,false
DEGENUSDT,75,0.00067776,6,47.05,,0.00005000,,3,0.00015,0.00015,652388.3175120,0.0000390,6.113,383210.5,1772077479,false
BANUSDT,75,0.10920150,5,209540686.09,177199125.07,0.00013839,,3,0.00041517,0.0002416,5646661.8965800,-0.0140700,-11.412,14890957.44,1772077479,false
AKTUSDT,75,0.31601229,4,122783101.67,91001772.21,0.00005000,,3,0.00015,-0.0000596,1536423.1153200,0.0125000,4.117,1650904.9,1772077479,false
SLERFUSDT,75,0.00429087,5,2145425.35,,0.00000000,,3,0,0.00516578,27181680.2670400,0.0030000,4.439,,1772077479,false
SCRTUSDT,75,0.08390000,4,29211077.56,27952184.07,0.00005000,,3,0.00015,0.00013521,1049023.6533000,0.0025000,3.071,903616.84,1772077479,false
1000CHEEMSUSDT,75,0.00046207,7,3234490.00,1128765.59,0.00005000,,3,0.00015,0.00015,1565460.4472814,0.0000316,7.333,1069473.22,1772077479,false
1000WHYUSDT,75,0.00001110,7,4662000000.00,4662000000.00,0.00005000,,3,0.00015,0.00048892,692201.9800156,0.0000005,4.717,1082959.75,1772077479,false
THEUSDT,75,0.26684595,4,266845950.00,262637074.76,0.00005000,,3,0.00015,-0.00002722,2000778.8122600,0.0261000,10.834,1703429.45,1772077479,false
MORPHOUSDT,75,1.87893464,4,1878934640.00,670080642.67,0.00003899,,3,0.00011697,0.0000322,41678306.2525800,0.1128000,6.389,9739340.09,1772077479,false
CHILLGUYUSDT,75,0.01066000,5,10660000.00,10659424.26,0.00005000,,3,0.00015,0.00015,774761.9109800,0.0006300,6.281,845350.53,1772077479,false
KAIAUSDT,75,0.05766000,5,337693974.03,337693963.13,-0.00016802,,3,-0.00050406,-0.00009687,5433823.6387300,0.0036200,6.700,3064643.36,1772077479,false
AEROUSDT,75,0.37275269,4,687378621.49,342445255.35,0.00005000,,3,0.00015,-0.00022834,14434702.3131700,0.0415000,12.515,7208180.96,1772077479,false
ACXUSDT,75,0.03484000,5,34840000.00,23972459.77,0.00005000,,3,0.00015,0.00015,770705.1814830,0.0023600,7.266,1287608.49,1772077479,false
ORCAUSDT,75,0.94600000,3,94600000.00,56908675.25,-0.00002385,,3,-0.00007155,-0.0010816,17966538.4826000,0.0240000,2.603,5692146.99,1772077479,false
MOVEUSDT,75,0.02241794,5,6725382.00,4875901.95,-0.00003570,,3,-0.0001071,-0.0003898,5660950.0555200,0.0008700,4.033,5066281.08,1772077479,false
RAYSOLUSDT,75,0.62952725,4,,,0.00005000,,3,0.00015,0.00011343,5926630.0861600,0.0289000,4.807,1850261.86,1772077479,false
KOMAUSDT,75,0.00818675,5,8186750.00,4960796.80,0.00095402,,3,0.00286206,0.00104607,1131807.3755600,0.0006300,8.333,1907714.19,1772077479,false
VIRTUALUSDT,75,0.69820000,4,698200000.00,458230035.45,-0.00020285,,3,-0.00060855,-0.00020272,115595830.6521800,0.0412000,6.276,20330180.9,1772077479,false
SPXUSDT,75,0.31824723,4,318247230.00,296285969.18,0.00005000,,3,0.00015,-0.00007439,15181635.2358000,0.0231000,7.820,3874131.1,1772077479,false
MEUSDT,75,0.12261496,4,122614920.15,122530652.77,-0.00005379,,3,-0.00016137,-0.00009559,5960538.9529500,0.0040000,3.373,4536913.52,1772077479,false
AVAUSDT,75,0.21366569,4,213665690.00,213494666.21,0.00005000,,3,0.00015,0.00015,1276683.8960000,0.0132000,6.590,927936.48,1772077479,false
DEGOUSDT,75,0.32747206,4,6876913.26,6876913.26,0.00005000,,3,0.00015,0.00015,847070.3955100,0.0057000,1.771,1805329.63,1772077479,false
VELODROMEUSDT,75,0.01629827,5,,,0.00005000,,3,0.00015,0.00015,2055581.7432100,0.0009400,6.120,2368490.74,1772077479,false
MOCAUSDT,75,0.01657200,5,147306666.65,65504018.50,-0.00003408,,3,-0.00010224,0.00010142,1042630.3303400,0.0003100,1.907,892273.24,1772077479,false
VANAUSDT,75,1.49485389,3,179382466.80,46041499.81,-0.00003824,,3,-0.00011472,-0.00047947,4527756.682160,0.049000,3.391,3921237.07,1772077479,false
PENGUUSDT,75,0.00717783,6,717783.00,,0.00001033,,3,0.00003099,0.00009946,73262160.7393000,0.0005930,9.007,20205818.1,1772077479,false
LUMIAUSDT,75,0.06123831,5,14629151.78,8481262.33,0.00005000,,3,0.00015,0.00015,664112.7895990,0.0023100,3.918,755051.86,1772077479,false
USUALUSDT,75,0.01302610,5,39078300.00,21435443.98,0.00005000,,3,0.00015,0.00010038,2550774.2859100,0.0003200,2.518,1496601.35,1772077479,false
AIXBTUSDT,75,0.02044200,5,20442000.00,20332807.48,0.00005000,,3,0.00015,0.00000526,8085419.4742600,0.0013300,6.952,2403558.18,1772077479,false
FARTCOINUSDT,75,0.16727749,4,167277490.00,167274013.47,0.00005000,,3,0.00015,0.00014721,67932203.0249600,0.0143000,9.334,18137556.02,1772077479,false
KMNOUSDT,75,0.02350000,5,235000000.00,94418497.92,0.00005000,,3,0.00015,-0.00016581,7520856.6482200,0.0016700,7.650,1918931.06,1772077479,false
CGPTUSDT,75,0.02003108,5,20031080.00,17550362.09,0.00005000,,3,0.00015,0.00013746,678847.5192900,0.0007200,3.734,745022.91,1772077479,false
HIVEUSDT,75,0.06685000,5,,34950375.68,-0.00019922,,3,-0.00059766,-0.00048672,2112596.4836600,0.0021000,3.243,832187.44,1772077479,false
DEXEUSDT,75,3.53000000,3,340661234.47,165036808.61,0.00005000,,3,0.00015,0.00003628,16325968.307620,0.093000,2.706,4080613.71,1772077479,false
PHAUSDT,75,0.02412000,5,24120000.00,20003241.19,0.00005000,,3,0.00015,-0.00012402,2495303.7086300,0.0010300,4.461,799869.2,1772077479,false
DFUSDT,75,0.00159540,5,1595282.17,1595282.17,0.00000000,,3,0,0.00102072,3434013.6808638,-0.0008727,-17.179,,1772077479,false
GRIFFAINUSDT,75,0.00960106,5,9599916.55,9599635.67,0.00008067,,3,0.00024201,0.00023277,31764461.4972200,0.0019400,25.293,2028173.15,1772077479,false
AI16ZUSDT,75,0.05690000,5,62589997.61,62585033.43,0.00000000,,3,0,0.00107816,0,0.0000000,0.00,,1772077479,false
ZEREBROUSDT,75,0.00727000,5,7270000.00,7269645.04,0.00005000,,3,0.00015,0.00015,1734552.6427200,0.0002800,4.006,1671274.51,1772077479,false
BIOUSDT,75,0.02518801,5,83624193.20,44576378.84,-0.00034386,,3,-0.00103158,-0.00082822,20306662.6006000,0.0001400,0.559,7141575.19,1772077479,false
COOKIEUSDT,75,0.01749625,5,17496250.00,12334356.00,-0.00004760,,3,-0.0001428,0.00012758,2230957.0648600,0.0005600,3.306,1172080.44,1772077479,false
ALCHUSDT,75,0.07979921,5,87779131.00,87779131.00,0.00005000,,3,0.00015,0.00015,3709719.9519100,0.0017400,2.229,10166887.14,1772077479,false
SWARMSUSDT,75,0.00695367,5,6953670.00,6953564.52,0.00005000,,3,0.00015,0.00034017,6935112.4401900,0.0004300,6.585,2380601.61,1772077479,false
SONICUSDT,75,0.05020850,5,6276062.50,,-0.00275557,,3,-0.00826671,-0.00281302,4153949.2014900,0.0037100,7.984,2105363.12,1772077479,false
DUSDT,75,0.00705481,5,5643848.00,4537036.61,0.00005000,,3,0.00015,-0.00069122,2554280.0395700,-0.0000800,-1.122,823987.83,1772077479,false
PROMUSDT,75,1.20000000,3,23100000.00,21900000.00,0.00005000,,3,0.00015,0.00012397,1843216.3637000,-0.0190000,-1.559,1472900.64,1772077479,false
SUSDT,75,0.04254000,5,42540000.00,42540000.00,0.00005000,,3,0.00015,0.00008201,7653220.7106300,0.0028100,7.076,4909010.16,1772077479,false
SOLVUSDT,75,0.00452000,5,43663200.00,6701352.00,0.00005000,,3,0.00015,0.00012862,1453365.9765300,0.0002200,5.116,1958034.3,1772077479,false
ARCUSDT,25,0.03963000,5,40818900.00,40818900.00,0.00042198,,3,0.00126594,0.00506899,426716836.3891900,-0.0627900,-61.241,24349819.25,1772077479,false
AVAAIUSDT,25,0.00773000,5,,,0.00005000,,3,0.00015,0.00031684,2245198.0809800,0.0005000,6.916,2465825.31,1772077479,false
TRUMPUSDT,25,3.51400000,3,,,-0.00004071,,3,-0.00012213,-0.00021572,42419468.607070,0.110000,3.231,36964971.44,1772077479,false
MELANIAUSDT,25,0.11366667,4,113666670.00,108267091.25,0.00005000,,3,0.00015,0.00009216,1774691.220256,0.001900,1.699,1884625.44,1772077479,false
VTHOUSDT,75,0.00060682,7,59642524.13,59605891.99,0.00005000,,3,0.00015,-0.00017032,1651495.9151733,0.0000223,3.818,1325600.48,1772077479,false
ANIMEUSDT,75,0.00487724,6,48772400.00,27013104.17,0.00005000,,3,0.00015,-0.0000081,2230812.7233110,0.0000900,1.880,2539767.3,1772077479,false
VINEUSDT,25,0.01725993,5,17259930.00,17259470.04,0.00005000,,3,0.00015,0.00015,1187556.8941200,0.0005700,3.411,1228097.78,1772077479,false
PIPPINUSDT,25,0.73959373,5,739593730.00,739547492.82,0.00005000,,3,0.00015,0.00136738,373944405.6529900,-0.0651800,-8.072,80434229.14,1772077479,false
VVVUSDT,25,4.02400000,3,316883106.89,177676174.86,-0.00081972,,3,-0.00245916,-0.00083434,69540811.567180,0.318000,8.578,8227285.01,1772077479,false
BERAUSDT,75,0.63560345,4,339128971.00,136538231.19,-0.00016911,,3,-0.00050733,-0.00111008,44157952.229200,0.049500,8.454,28034526.92,1772077479,false
TSTUSDT,75,0.01000105,5,10001050.00,1288815.81,0.00005000,,3,0.00015,0.00015,1178099.3007500,0.0005200,5.491,2412477.22,1772077479,false
LAYERUSDT,75,0.08630000,4,86300000.00,18123000.00,-0.00028575,,3,-0.00085725,-0.00050978,3229521.389650,0.003600,4.353,2163766.55,1772077479,false
HEIUSDT,75,0.08267321,4,8267321.00,6597958.16,0.00005000,,3,0.00015,0.00015,738601.230370,0.002400,2.989,1389094.07,1772077479,false
B3USDT,25,0.00039675,7,39675000.00,12873099.28,0.00005000,,3,0.00015,0.00101606,567207.0962545,0.0000046,1.172,612999.21,1772077479,false
IPUSDT,25,1.05239170,3,1078052192.08,369238097.00,-0.00014404,,3,-0.00043212,0.00008055,25336738.159700,0.027000,2.634,14570569.46,1772077479,false
GPSUSDT,25,0.00944526,6,94452600.00,41645095.88,-0.00292531,,3,-0.00877593,-0.00759554,26474845.2371530,-0.0010020,-9.594,8021522.51,1772077479,false
SHELLUSDT,25,0.03001361,5,30013610.00,8103674.70,0.00005000,,3,0.00015,0.00001515,1448808.7508500,0.0005300,1.797,1151070.18,1772077479,false
KAITOUSDT,75,0.33230000,4,332300000.00,80213527.81,0.00005000,,3,0.00015,0.00003452,12588629.734460,0.019900,6.372,9985935,1772077479,false
REDUSDT,75,0.16410000,4,164100000.00,51254482.83,-0.00003923,,3,-0.00011769,0.00015,1157765.2962000,0.0058000,3.664,1165444.44,1772077479,false
VICUSDT,75,0.04660238,5,9786499.80,5846004.94,0.00005000,,3,0.00015,0.00015,790692.4598300,0.0008900,1.948,933126.86,1772077479,false
EPICUSDT,75,0.27770000,4,5831700.00,5309460.71,0.00005000,,3,0.00015,0.00015,1210714.555090,0.007700,2.852,1159549.76,1772077479,false
BMTUSDT,25,0.01583668,5,9327804.52,9327804.52,0.00005000,,3,0.00015,0.00008574,695142.7488800,0.0004000,2.592,845735.93,1772077479,false
MUBARAKUSDT,25,0.01440000,5,14400000.00,14400000.00,0.00003840,,3,0.0001152,-0.00008522,5486398.9700600,0.0005100,3.672,2027243.87,1772077479,false
FORMUSDT,50,0.19990175,4,115943015.00,76335932.54,0.00005000,,3,0.00015,0.00015,2258070.075300,0.005800,2.988,4901719.87,1772077479,false
BIDUSDT,25,0.00841197,5,22291720.50,,0.00000000,,3,0,0.0023923,2331742.3384380,-0.0036616,-20.640,,1772077479,false
TUTUSDT,25,0.01051883,5,10518830.00,8794453.25,0.00005000,,3,0.00015,0.00015,1577752.5459200,0.0007400,7.566,2314296.47,1772077479,false
BROCCOLI714USDT,25,0.01341000,5,,,0.00005000,,3,0.00015,0.00015,2883383.3527500,0.0006500,5.094,1602180.28,1772077479,false
BROCCOLIF3BUSDT,25,0.00369150,6,,,0.00005000,,3,0.00015,0.0005874,5196733.4685760,0.0002670,7.789,1145038.42,1772077479,false
SIRENUSDT,25,0.36928000,5,369280000.00,269152654.54,0.00043366,,3,0.00130098,0.00050744,167138543.3760900,0.0262200,7.637,15899912.44,1772077479,false
BANANAS31USDT,25,0.00466800,6,46680000.00,46680000.00,0.00005000,,3,0.00015,0.00015,3873786.8591170,0.0000170,0.366,8701616.42,1772077479,false
BRUSDT,25,0.05814599,5,58145990.00,12792117.80,0.00005000,,3,0.00015,0.00029201,402133.7824600,0.0015500,2.738,595876.09,1772077479,false
PLUMEUSDT,25,0.00968570,5,96857000.00,49603659.83,0.00000751,,3,0.00002253,0.00002581,3638320.4319500,0.0003400,3.640,3976263.4,1772077479,false
NILUSDT,75,0.04970563,5,49705630.00,15630660.21,0.00005000,,3,0.00015,0.00015,3518534.778639,0.003750,8.154,2228664.67,1772077479,false
PARTIUSDT,75,0.09866636,5,98666360.00,22989261.88,0.00005000,,3,0.00015,0.00015,7766692.5017300,-0.0118800,-10.744,16504303.09,1772077479,false
JELLYJELLYUSDT,25,0.06179000,5,61789944.33,61789944.33,0.00011374,,3,0.00034122,0.00020875,5033012.3814500,-0.0015200,-2.401,5007703.82,1772077479,false
MAVIAUSDT,25,0.03240617,5,8101542.50,1672780.41,0.00005000,,3,0.00015,0.00015,1541015.0348700,0.0020000,6.577,771264.16,1772077479,false
PAXGUSDT,75,5195.62000000,2,36369.34,36369.34,0.00005000,,3,0.00015,0.00011504,194459005.0477,-4.5200,-0.087,140549215.71,1772077479,false
WALUSDT,25,0.08004072,4,400203600.00,128848884.08,0.00005000,,3,0.00015,-0.00009165,2492282.9430000,0.0053000,7.095,1792881.23,1772077479,false
FUNUSDT,50,0.00128851,6,1288510.00,1277271.73,0.00005000,,3,0.00015,0.00010962,2153554.0055340,-0.0000870,-6.327,1100107.59,1772077479,false
MLNUSDT,50,3.40053901,3,10121656.76,10121656.76,0.00005000,,3,0.00015,0.00015,742433.86499,0.09300,2.808,1065418.25,1772077479,false
GUNUSDT,75,0.03104870,5,310487000.00,48275553.71,0.00004618,,3,0.00013854,0.00011207,18966162.8880900,0.0012000,4.023,7787774.72,1772077479,false
ATHUSDT,50,0.00526692,6,221210640.00,92103422.81,0.00005000,,3,0.00015,0.00002496,1832428.3663290,0.0001390,2.712,3639426.94,1772077479,false
BABYUSDT,25,0.01249505,5,12495050000.00,11927362158.22,0.00005000,,3,0.00015,0.00013821,1638940.6160100,0.0001100,0.889,2309438.51,1772077479,false
FORTHUSDT,20,1.01711911,3,15559783.38,11700476.47,0.00005000,,3,0.00015,0.00015,677720.683600,0.045000,4.634,947382.17,1772077479,false
PROMPTUSDT,25,0.04545000,5,45450000.00,45446940.53,0.00005000,,3,0.00015,-0.00001662,4570965.0976600,0.0011900,2.689,1645340.59,1772077479,false
XCNUSDT,25,0.00497546,6,342769747.34,185022674.86,0.00000000,,3,0,-0.00064923,3438271.1140250,-0.0003250,-6.161,,1772077479,false
STOUSDT,20,0.05802000,5,58020000.00,13073839.98,0.00005000,,3,0.00015,0.00015,2463721.8508700,0.0001800,0.311,2219632.96,1772077479,false
FHEUSDT,20,0.03051000,5,30510000.00,7596990.00,0.00005000,,3,0.00015,0.00015,6456118.1644700,0.0016300,5.644,2789779.6,1772077479,false
KERNELUSDT,75,0.08647000,5,86470000.00,24757054.49,-0.00129265,,3,-0.00387795,-0.00254966,8256328.4035700,0.0025400,3.026,2836644.2,1772077479,false
WCTUSDT,75,0.06022388,5,60223880.00,11213686.46,0.00005000,,3,0.00015,0.00014453,4537197.4142500,0.0015200,2.589,3385403.75,1772077479,false
INITUSDT,50,0.08060000,5,80600000.00,,-0.00030565,,3,-0.00091695,-0.00035578,8426981.6027900,-0.0026800,-3.220,3562055.34,1772077479,false
AERGOUSDT,75,0.05756000,5,28780000.00,27197099.77,-0.00009882,,3,-0.00029646,-0.00038866,856548.2973800,0.0028500,5.209,826034.29,1772077479,false
BANKUSDT,50,0.03938293,5,39382930.00,39351038.57,0.00005000,,3,0.00015,0.00015,1938416.6365900,-0.0003500,-0.881,3789222.94,1772077479,false
EPTUSDT,50,0.00088542,6,8854200.00,2051149.21,0.00000000,,3,0,-0.00218595,30649553.1927408,0.0004114,34.542,,1772077479,false
DEEPUSDT,50,0.02675000,5,267500000.00,66875000.00,0.00005000,,3,0.00015,0.00007391,2516803.6802200,0.0018400,7.387,1501612.94,1772077479,false
HYPERUSDT,75,0.09510000,4,95100000.00,95100000.00,0.00000135,,3,0.00000405,-0.00053159,1958043.0914000,0.0009000,0.955,1623669.59,1772077479,false
MEMEFIUSDT,50,0.00154780,6,15478000.00,15478000.00,0.00000000,,3,0,0.0036716,86505432.1485090,-0.0009650,-30.480,,1772077479,false
FISUSDT,75,0.01964478,5,3050910.34,3050910.34,0.00000000,,3,0,0.00139425,12367748.4079776,-0.0008056,-2.920,,1772077479,false
JSTUSDT,75,0.04561300,6,451568700.00,402083563.21,-0.00000884,,3,-0.00002652,-0.00045012,3850593.6502220,-0.0001450,-0.317,3171364.24,1772077479,false
SIGNUSDT,75,0.02348536,5,234853600.00,38515990.40,0.00005000,,3,0.00015,0.00013469,1172961.1405000,0.0002200,0.947,2744612.53,1772077479,false
PUNDIXUSDT,75,0.16260000,4,42013651.57,42013651.57,-0.00028474,,3,-0.00085422,-0.0004967,1725819.1946000,0.0075000,4.836,895920.8,1772077479,false
CTKUSDT,50,0.21440000,4,33494121.15,33148646.43,-0.00060480,,3,-0.0018144,-0.00049361,2342080.3401000,-0.0184000,-7.904,739569.8,1772077479,false
AIOTUSDT,50,0.02298000,5,22980000.00,6049487.30,0.00005000,,3,0.00015,0.00102323,1729038.3263600,-0.0001600,-0.691,1113667.19,1772077479,false
DOLOUSDT,50,0.03757000,5,37570000.00,17321944.10,0.00005000,,3,0.00015,-0.00006575,4009206.3475000,-0.0004200,-1.106,1261669.65,1772077479,false
HAEDALUSDT,50,0.02676000,5,26760000.00,5218200.00,0.00005000,,3,0.00015,0.00015,1024597.2974000,0.0004500,1.710,1320143.59,1772077479,false
SXTUSDT,50,0.02260867,5,113043350.00,63951888.65,-0.00010561,,3,-0.00031683,-0.00073073,4210791.0826200,0.0003600,1.618,1759086.04,1772077479,false
ASRUSDT,75,1.37894936,3,13782598.85,11340944.24,0.00005000,,3,0.00015,0.00015,562690.765300,0.012000,0.878,1976315.05,1772077479,false
ALPINEUSDT,75,0.43206931,4,17282772.40,4908307.36,0.00005000,,3,0.00015,0.00014675,899731.402110,0.010400,2.466,1220786.47,1772077479,false
B2USDT,50,0.72424678,4,152091823.80,30089466.19,0.00005000,,3,0.00015,0.00015,1410753.1016000,-0.0203000,-2.728,5757296.21,1772077479,false
MILKUSDT,50,0.00119100,5,2920416.26,2920416.26,0.00000000,,3,0,0.00432513,6202620.7701800,-0.0017700,-14.937,,1772077479,false
SYRUPUSDT,75,0.24074000,5,292770449.61,278582089.84,-0.00003159,,3,-0.00009477,0.00007381,14627682.2218700,0.0186100,8.379,6289984.91,1772077479,false
OBOLUSDT,50,0.01973638,5,9868190.00,2960851.73,0.00000000,,3,0,0.00193973,1579493.4728700,-0.0062100,-15.757,,1772077479,false
DOODUSDT,50,0.00348044,6,34804400.00,27147432.00,0.00005000,,3,0.00015,-0.00029685,1243382.0744030,0.0001250,3.727,833174.76,1772077479,false
OGUSDT,50,3.05800000,3,15290000.00,14034846.96,0.00005000,,3,0.00015,0.00015,2472368.992400,0.053000,1.764,3411775.13,1772077479,false
ZKJUSDT,25,0.02296000,5,22960000.00,10289268.91,0.00005000,,3,0.00015,0.00015,640925.594036,0.001320,6.100,599549.36,1772077479,false
SKYAIUSDT,50,0.04302000,5,43020000.00,43020000.00,0.00063026,,3,0.00189078,0.000277,2282917.3477800,0.0038800,9.913,9029766.32,1772077479,false
NXPCUSDT,50,0.27400000,4,35366200.10,35366200.10,-0.00008626,,3,-0.00025878,-0.00007887,1786850.2390000,0.0060000,2.239,4981998.15,1772077479,false
CVCUSDT,50,0.03269000,5,32690000.00,26217380.33,0.00000557,,3,0.00001671,-0.00025571,625148.7919600,0.0010900,3.449,1438749.14,1772077479,false
AGTUSDT,50,0.00481400,6,24070000.00,,0.00005000,,3,0.00015,0.00021443,1125464.4071180,-0.0000270,-0.558,2972392.41,1772077479,false
AWEUSDT,25,0.05327000,5,106540000.00,103472728.48,-0.00197307,,3,-0.00591921,-0.00689363,7452875.4811900,0.0010700,2.047,5012709.93,1772077479,false
BUSDT,50,0.13250975,4,132509750.00,131780883.70,0.00005000,,3,0.00015,0.00021989,5721102.0017000,0.0053000,4.167,6250841.36,1772077479,false
SOONUSDT,50,0.16957235,4,168246229.62,73792693.74,0.00005000,,3,0.00015,0.00015,1755146.9112000,0.0034000,2.044,2142441.51,1772077479,false
HUMAUSDT,50,0.01180538,6,118053800.00,20462658.66,0.00005000,,3,0.00015,0.00015,3506710.0501980,0.0001910,1.647,5639199.02,1772077479,false
AUSDT,75,0.08251738,4,173286498.00,134090355.08,0.00005000,,3,0.00015,0.00015,1930572.9127000,0.0026000,3.254,2579143.01,1772077479,false
SOPHUSDT,75,0.00935100,6,9351000.00,2432754.50,-0.00042130,,3,-0.0012639,-0.00105806,2116165.9375010,0.0003770,4.201,2295468.36,1772077479,false
MERLUSDT,50,0.04571640,5,96004440.00,53099856.12,-0.00015591,,3,-0.00046773,-0.0000477,6502731.1104100,0.0007800,1.736,3637894,1772077479,false
HYPEUSDT,75,27.99101362,3,2799101362.00,,0.00005000,,3,0.00015,0.00007067,313260678.82125,0.78900,2.900,152229894.25,1772077479,false
BDXNUSDT,75,0.00977375,5,9773750.00,1563800.00,0.00005000,,3,0.00015,0.00015,918540.3266800,0.0002800,2.947,961568.61,1772077479,false
PUFFERUSDT,75,0.02993000,5,29930000.00,11754421.14,0.00005000,,3,0.00015,0.00015,669482.0470800,0.0006100,2.080,605763.54,1772077479,false
PORT3USDT,75,0.00399291,5,3992910.00,2766647.59,0.00000000,,3,0,0.00329428,200374788.2136900,-0.0254800,-68.311,,1772077479,false
1000000BOBUSDT,75,0.01208000,5,4125.40,4125.40,0.00005000,,3,0.00015,0.00021006,422853.8493800,0.0003400,2.896,524179.73,1772077479,false
LAUSDT,50,0.24760000,4,247600000.00,47786800.00,-0.00021534,,3,-0.00064602,-0.0030784,29506023.107680,0.007000,2.909,6716067.67,1772077479,false
SKATEUSDT,75,0.00252519,5,2525190.00,407920.99,0.00000000,,3,0,0.01620199,9813385.7179206,-0.0056587,-52.590,,1772077479,false
HOMEUSDT,75,0.02968906,6,296890600.00,102155107.27,0.00005000,,3,0.00015,0.00015,3370179.0769900,0.0001050,0.355,8802781.32,1772077479,false
RESOLVUSDT,50,0.06322000,5,63220000.00,23140928.49,0.00003492,,3,0.00010476,0.00015,9978119.3159700,-0.0044100,-6.523,3822097.23,1772077479,false
TAIKOUSDT,50,0.12489394,4,124893940.00,24030916.31,0.00005000,,3,0.00015,0.00004758,474711.3655000,0.0039000,3.226,583202.87,1772077479,false
SQDUSDT,50,0.03994000,5,399400000.00,,0.00005000,,3,0.00015,0.00015,1422377.0191700,-0.0002800,-0.696,666435.25,1772077479,false
PUMPBTCUSDT,50,0.01562083,5,10.81,10.81,0.00005000,,3,0.00015,0.00015,601872.9006100,0.0006500,4.339,668401.52,1772077479,false
SPKUSDT,75,0.02118681,5,211868100.00,51332323.43,0.00005000,,3,0.00015,0.00006947,1344932.7521500,0.0008600,4.232,3131572.22,1772077479,false
MYXUSDT,50,0.41900000,3,419000000.00,79932185.86,0.00005000,,3,0.00015,-0.00049803,54260804.9150000,-0.0020000,-0.475,9536222.96,1772077479,false
FUSDT,50,0.00576400,6,5764000.00,5764000.00,0.00005000,,3,0.00015,0.00003796,2985465.8232940,0.0001610,2.873,2106164.48,1772077479,false
NEWTUSDT,5,0.06831000,5,68310000.00,14686650.00,-0.00026250,,3,-0.0007875,-0.0001156,1957891.1952900,-0.0001300,-0.190,1473155.08,1772077479,false
DMCUSDT,50,0.00113928,6,59243.59,,0.00000000,,3,0,0.00098146,3249038.3067190,-0.0002490,-26.294,,1772077479,false
HUSDT,50,0.13723000,5,16467600.00,15567452.03,-0.00286529,,3,-0.00859587,-0.00615133,37900580.8181600,-0.0035000,-2.487,15042507.48,1772077479,false
OLUSDT,50,0.01163000,5,58150000.00,9074693.36,0.00005000,,3,0.00015,0.00015,499866.1688100,0.0003100,2.739,461822.57,1772077479,false
SAHARAUSDT,75,0.01521074,5,152107400.00,42233570.28,-0.00003733,,3,-0.00011199,-0.00003841,4633486.0486100,-0.0001500,-0.977,2528904.64,1772077479,false
ICNTUSDT,50,0.39200000,4,274400000.00,99178402.96,0.00005000,,3,0.00015,-0.00020297,2066958.5919000,0.0058000,1.503,2015257.1,1772077479,false
BULLAUSDT,50,0.01730619,5,17306190.00,4845733.20,0.00001250,,3,0.0000375,0.00033242,46513802.0374800,-0.0027600,-13.759,7634336.32,1772077479,false
IDOLUSDT,50,0.02290794,5,109958112.00,20672125.06,0.00005000,,3,0.00015,0.00015,1085343.9861100,-0.0002100,-0.908,2565182.14,1772077479,false
MUSDT,50,1.35031695,4,135031695.00,135031695.00,0.00005000,,3,0.00015,0.00015,6516439.9131000,-0.0723000,-5.080,7159019.93,1772077479,false
TANSSIUSDT,50,0.00097574,5,1013850.79,348234.28,0.00000000,,3,0,0.00053354,28037445.4732400,0.0029550,35.263,,1772077479,false
PUMPUSDT,75,0.00188246,6,39531.66,,0.00005000,,3,0.00015,0.00001253,123721089.1545750,0.0001520,8.781,65655411.32,1772077479,false
CROSSUSDT,50,0.09903200,5,99032000.00,33197793.24,0.00005000,,3,0.00015,0.00015,773633.7561500,-0.0031000,-3.033,1478925.57,1772077479,false
AINUSDT,50,0.04676246,5,46762460.00,46762460.00,0.00005000,,3,0.00015,0.00022142,2913815.5108800,0.0024700,5.572,2416931.21,1772077479,false
CUSDT,50,0.05368236,5,53682360.00,53682360.00,0.00005000,,3,0.00015,0.00015,1244138.1870600,0.0006500,1.225,1172429.4,1772077479,false
VELVETUSDT,50,0.08615000,5,86150000.00,20760496.70,0.00005000,,3,0.00015,0.00015,1209929.5313700,-0.0060400,-6.552,2472974,1772077479,false
TACUSDT,50,0.00410400,6,41163443.24,11206536.59,0.00031866,,3,0.00095598,0.00029532,369033.0525940,0.0000050,0.122,1313650.25,1772077479,false
ERAUSDT,75,0.14670000,4,146700000.00,25635825.00,-0.00002462,,3,-0.00007386,0.00015,2262089.0277000,0.0028000,1.946,1839818.25,1772077479,false
TAUSDT,50,0.03853000,5,38530000.00,6935400.00,0.00005000,,3,0.00015,0.00019881,1087807.0256800,-0.0009400,-2.382,3392642.6,1772077479,false
CVXUSDT,25,1.91300000,3,191300000.00,175533488.25,-0.00042109,,3,-0.00126327,-0.00063466,1926706.187300,0.128000,7.171,2077349.27,1772077479,false
SLPUSDT,75,0.00059570,7,21689241.83,21689281.42,0.00005000,,3,0.00015,0.00014956,1387173.0960079,0.0000291,5.136,809897.6,1772077479,false
ZORAUSDT,50,0.01949092,5,194909200.00,87124412.36,-0.00017311,,3,-0.00051933,-0.00098039,4338465.8122800,-0.0001200,-0.612,2945698.12,1772077479,false
TAGUSDT,50,0.00035726,7,144826344.61,38893040.28,0.00005000,,3,0.00015,0.00049628,929295.5719310,-0.0000204,-5.401,3131865.84,1772077479,false
ZRCUSDT,50,0.00176373,6,17637300.00,4008855.15,0.00000000,,3,0,-0.00295599,4378283.5425322,-0.0003349,-9.643,,1772077479,false
ESPORTSUSDT,50,0.32113000,5,289017000.00,48747534.00,0.00005000,,3,0.00015,0.00015,2535558.4052200,-0.0111700,-3.361,4837239.31,1772077479,false
TREEUSDT,75,0.07199229,5,14398458.00,7297272.92,0.00005000,,3,0.00015,0.00011612,3429050.1951200,0.0008900,1.252,1348358.29,1772077479,false
A2ZUSDT,75,0.00086995,6,8699500.00,5966685.96,0.00005000,,3,0.00015,0.00015,872630.1486520,0.0000230,2.719,1169750.81,1772077479,false
PLAYUSDT,50,0.01723922,5,17239220.00,12827046.62,0.00005000,,3,0.00015,0.00015,1956522.9365600,-0.0000400,-0.231,1270617.61,1772077479,false
NAORISUSDT,50,0.02974281,5,118971240.00,17823676.32,0.00005000,,3,0.00015,0.00015,10990445.2044300,-0.0037200,-11.104,2983066.58,1772077479,false
TOWNSUSDT,75,0.00344100,6,52743601.04,7258317.46,0.00005000,,3,0.00015,0.00015,945499.4289090,0.0000930,2.778,1007227.94,1772077479,false
PROVEUSDT,75,0.29340000,4,293400000.00,57213000.00,0.00001469,,3,0.00004407,0.00014392,2730233.614340,0.003900,1.347,2474889.32,1772077479,false
ALLUSDT,75,0.47493421,4,2374671.05,1441878.41,0.00010000,,3,0.0003,-0.00067176,1438385.099800,0.015000,3.263,1404866.32,1772077479,false
INUSDT,50,0.06613687,5,66136870.00,65043723.97,0.00005000,,3,0.00015,0.00015,2318702.1559000,-0.0010500,-1.562,1814358.35,1772077479,false
YALAUSDT,50,0.00151700,5,1517000.00,423117.13,0.00000000,,3,0,0.0204795,66841744.3618888,0.0048486,50.718,,1772077479,false
CARVUSDT,50,0.06189617,5,61896170.00,31419763.34,0.00005000,,3,0.00015,0.00015,808664.9563600,0.0035500,6.082,1149697.34,1772077479,false
AIOUSDT,50,0.07605000,5,76050000.00,,0.00005000,,3,0.00015,0.00015,1399527.6895500,0.0005100,0.675,2235852.51,1772077479,false
XNYUSDT,50,0.00547499,6,54749900.00,13687475.00,0.00005000,,3,0.00015,0.00015,3048828.3993160,-0.0002000,-3.526,2583147.21,1772077479,false
USELESSUSDT,50,0.04290456,5,42904560.00,42902001.26,0.00005000,,3,0.00015,0.00015,16432345.9820900,0.0028900,7.214,3853522.48,1772077479,false
DAMUSDT,50,0.02452239,5,24522390.00,23565288.99,0.00058098,,3,0.00174294,0.00079477,4779060.6658000,-0.0013000,-5.033,1897856.18,1772077479,false
CUDISUSDT,50,0.01109456,5,11094560.00,2745903.60,0.00000000,,3,0,-0.00553068,7529925.2857870,0.0010895,5.728,,1772077479,false
SAPIENUSDT,50,0.09366000,5,93660000.00,23415000.00,0.00005000,,3,0.00015,0.00015,4674915.4638000,0.0053100,6.008,2157370.06,1772077479,false
XPLUSDT,5,0.10310863,4,1031086300.00,231421591.73,0.00005000,,3,0.00015,0.00011317,83873136.0088000,0.0151000,17.159,41000680.98,1772077479,false
WLFIUSDT,50,0.11473553,4,114735530.00,114471062.19,-0.00000724,,3,-0.00002172,0.00006146,71123683.4809000,-0.0001000,-0.087,117318051.46,1772077479,false
SOMIUSDT,5,0.21810000,4,218100000.00,34939620.00,-0.00006773,,3,-0.00020319,-0.00092295,30471144.5237000,-0.0140000,-6.032,5088601.24,1772077479,false
BASUSDT,50,0.00612422,6,61242200.00,15310550.00,0.00005000,,3,0.00015,0.00015,4551616.3713510,0.0002760,4.722,1671558.77,1772077479,false
BTRUSDT,50,0.18438497,5,184384970.00,48235108.15,0.00005000,,3,0.00015,0.00015,5860360.3151200,-0.0116900,-5.961,7190999.82,1772077479,false
MITOUSDT,50,0.03870000,5,38700000.00,9122268.33,0.00005000,,3,0.00015,0.00015,1122821.5233500,0.0005200,1.362,1219453.83,1772077479,false
HEMIUSDT,50,0.00936000,5,93600000.00,9149400.00,0.00005000,,3,0.00015,0.00013888,1969283.5388200,0.0004200,4.698,1464515.44,1772077479,false
LINEAUSDT,5,0.00327100,6,235544677.29,74237031.21,0.00005000,,3,0.00015,0.00012614,13872342.1752700,0.0002750,9.182,5259981.42,1772077479,false
QUSDT,50,0.02122900,6,21229000.00,18862292.17,0.00005000,,3,0.00015,0.00015,2199250.3530740,0.0003940,1.891,8673798.49,1772077479,false
ARIAUSDT,50,0.07861471,5,78614709.21,70731048.98,0.00005000,,3,0.00015,0.00015,1593757.1614500,0.0086700,12.395,1727080.04,1772077479,false
TAKEUSDT,50,0.01937666,5,19376660.00,4406758.91,0.00005000,,3,0.00015,0.00015,6306473.5879900,-0.0027200,-12.313,1872702.98,1772077479,false
PTBUSDT,50,0.00124704,6,10475136.00,2582464.71,0.00045737,,3,0.00137211,0.00093246,3277699.1116380,-0.0000400,-3.106,2823886.32,1772077479,false
OPENUSDT,,0.15060000,4,150600000.00,63703496.84,0.00004518,,3,0.00013554,0.0000985,3427189.6030000,0.0009000,0.601,2621882.15,1772077479,false
FLOCKUSDT,75,0.06241000,5,62410000.00,19519077.43,-0.00011316,,3,-0.00033948,-0.00061163,4974762.6921900,-0.0047600,-7.086,1345067.87,1772077479,false
SKYUSDT,75,0.07018889,5,1646818423.11,1616549351.15,0.00005000,,3,0.00015,0.0000568,7338725.2671200,0.0032700,4.887,6734988.35,1772077479,false
AVNTUSDT,50,0.18220000,4,182200000.00,47045115.53,-0.00119070,,3,-0.0035721,-0.00085762,8048533.5510000,0.0028000,1.561,5332053.48,1772077479,false
HOLOUSDT,75,0.05879000,5,58790000.00,58651970.43,-0.00345778,,3,-0.01037334,-0.00900951,59597213.9351400,-0.0071500,-10.843,2735754.85,1772077479,false
XPINUSDT,50,0.00153902,6,153902000.00,23800944.30,0.00005000,,3,0.00015,0.00015,1379604.0971980,-0.0000400,-2.532,5916350.92,1772077479,false
UBUSDT,50,0.04116268,5,411626800.00,102906700.00,0.00005000,,3,0.00015,0.00020142,3258188.6470300,-0.0024400,-5.596,8005320.15,1772077479,false
ZKCUSDT,75,0.08575660,4,88443892.57,20089585.35,-0.00068571,,3,-0.00205713,-0.00038201,4682705.5835000,0.0007000,0.823,1781259.69,1772077479,false
TOSHIUSDT,75,0.00021420,7,90111798.00,90111798.00,-0.00082293,,3,-0.00246879,0.0000752,2939727.3141060,0.0000101,4.939,923058.36,1772077479,false
STBLUSDT,50,0.04072878,5,407287800.00,20364390.00,0.00010414,,3,0.00031242,0.00015,9088535.6230100,0.0075700,22.808,2187007.8,1772077479,false
0GUSDT,5,0.65740000,4,657400000.00,140157497.24,-0.00010167,,3,-0.00030501,-0.00033274,20624235.0382000,0.0040000,0.612,13042171.09,1772077479,false
BARDUSDT,75,0.83920000,4,839200000.00,188820000.00,-0.00103365,,3,-0.00310095,0.00015,92508152.7068000,0.0656000,8.482,17988269.62,1772077479,false
ASTERUSDT,50,0.70300000,4,5624000000.00,1725828271.76,0.00005000,,3,0.00015,0.00006869,112653250.4434000,0.0021000,0.300,88624459.16,1772077479,false
TRADOORUSDT,50,1.46400000,3,11712000000.00,21006936.00,0.00005000,,3,0.00015,0.00015,2270551.2440000,0.0020000,0.137,6471124.49,1772077479,false
BLESSUSDT,50,0.00484423,6,48442300.00,8921456.92,0.00005000,,3,0.00015,0.00015,1950911.2810090,0.0000310,0.645,1047202.15,1772077479,false
FLUIDUSDT,75,2.13689231,3,213689231.00,167815589.36,0.00005000,,3,0.00015,0.00006248,1369385.268600,0.130000,6.484,1404733.81,1772077479,false
COAIUSDT,50,0.33130000,4,331300000.00,62284432.47,0.00005000,,3,0.00015,0.00015,4411859.3326000,0.0243000,7.915,3438351.33,1772077479,false
HANAUSDT,50,0.03460097,5,346009700.00,308401949.51,0.00005000,,3,0.00015,0.00016578,2461035.6512200,0.0012800,3.840,7271578.68,1772077479,false
MIRAUSDT,75,0.08603701,4,86037010.00,,0.00005000,,3,0.00015,0.0001165,3485159.8511000,-0.0006000,-0.693,1543061.13,1772077479,false
AKEUSDT,50,0.00031136,7,31136000.00,7097840.40,0.00005000,,3,0.00015,0.00245525,20844909.7840844,-0.0000513,-14.132,3448332.49,1772077479,false
ORDERUSDT,50,0.05659000,5,565900000.00,,-0.00061323,,3,-0.00183969,-0.0015485,17840030.4165300,0.0018600,3.399,1141774.44,1772077479,false
LIGHTUSDT,50,0.21590000,4,215900000.00,113347500.00,0.00005000,,3,0.00015,0.00020388,4465985.7185000,-0.0059000,-2.660,3047777.39,1772077479,false
XANUSDT,50,0.00699310,5,69931000.00,17482750.00,0.00003175,,3,0.00009525,-0.00000839,1286915.7486600,-0.0001700,-2.374,728578.17,1772077479,false
FFUSDT,75,0.08006514,5,800651400.00,187352427.60,-0.00003790,,3,-0.0001137,-0.00001527,6665158.1906700,-0.0006100,-0.756,20722675.39,1772077479,false
VFYUSDT,50,0.01665000,5,16650000.00,5098132.51,0.00005000,,3,0.00015,0.00015,471158.0962100,0.0004000,2.462,486658.54,1772077479,false
EDENUSDT,75,0.03413000,5,8532500.00,5438247.31,0.00005000,,3,0.00015,0.00015,2327521.8173700,0.0013700,4.182,1972176.18,1772077479,false
NOMUSDT,75,0.00438200,6,4382000.00,4382000.00,0.00005000,,3,0.00015,0.00004424,4810877.0652050,-0.0001340,-2.967,2220397.02,1772077479,false
TRUTHUSDT,50,0.00963101,6,96310100.00,20083596.20,0.00034944,,3,0.00104832,0.00048547,2369029.1022430,0.0002390,2.545,2032365.77,1772077479,false
2ZUSDT,50,0.07569000,5,756900000.00,262751590.57,-0.00003816,,3,-0.00011448,-0.00103384,6236518.5757500,0.0037500,5.212,3721586.02,1772077479,false
EVAAUSDT,50,0.47190000,4,23595000.00,3123020.99,0.00005000,,3,0.00015,0.00015,1503410.175310,-0.004400,-0.923,1317505.02,1772077479,false
LYNUSDT,50,0.33111721,5,331117210.00,325805025.74,0.00005000,,3,0.00015,-0.00032286,15806500.7671900,0.0127700,4.008,9446379.31,1772077479,false
KGENUSDT,50,0.18307317,5,183073170.00,36372570.63,0.00005000,,3,0.00015,0.00015,1505683.1608300,-0.0047700,-2.539,2598372.51,1772077479,false
4USDT,50,0.00825028,5,8250280.00,8250280.00,0.00005000,,3,0.00015,0.00110501,3417852.0603200,0.0004900,6.306,3052861.11,1772077479,false
GIGGLEUSDT,50,27.95000000,2,27950000.00,27950000.00,0.00003443,,3,0.00010329,0.00011004,29626492.64760,3.05000,12.254,7873354.57,1772077479,false
MONUSDT,5,0.02199000,5,2199000000.00,238164528.88,-0.00006530,,3,-0.0001959,-0.00003665,25330725.7100000,0.0016400,8.059,22597836.91,1772077479,false
YBUSDT,5,0.15860000,4,158600000.00,13942526.00,0.00005000,,3,0.00015,0.00015,1909807.4376000,0.0044000,2.853,2327508.77,1772077479,false
METUSDT,5,0.18570000,4,185700000.00,94080172.99,-0.00001875,,3,-0.00005625,0.00007146,10141088.9202000,0.0008000,0.433,6205971.25,1772077479,false
EULUSDT,75,1.01079084,3,27476143.44,18887163.58,0.00005000,,3,0.00015,0.00015,7359682.076600,0.026000,2.640,3621628.91,1772077479,false
ENSOUSDT,,1.74880000,4,222691672.61,36007792.00,-0.02000000,,3,-0.06,-0.02259794,644242025.048270,-1.034700,-37.194,19738406.38,1772077479,false
CLOUSDT,50,0.09263913,5,92639130000.00,92639130000.00,0.00005000,,3,0.00015,0.00053872,12023649.8346200,0.0053500,6.116,3657809.36,1772077479,false
RECALLUSDT,50,0.05282655,5,52826550.00,12012213.36,0.00005000,,3,0.00015,0.00015,1814831.0998700,-0.0000200,-0.038,983476.27,1772077479,false
ZBTUSDT,50,0.07225000,5,72250000.00,17700685.58,0.00005000,,3,0.00015,0.00014522,2569891.5173300,-0.0008400,-1.150,2267711.04,1772077479,false
LABUSDT,50,0.14922548,5,149225480.00,11422628.37,0.00005000,,3,0.00015,0.00015,2676501.9826900,0.0092600,6.615,1329445.92,1772077479,false
RIVERUSDT,50,10.32717211,3,1032717211.00,202412573.36,0.00127494,,3,0.00382482,0.00032801,144525969.966300,1.189000,13.032,27651122.09,1772077479,false
RVVUSDT,50,0.00032583,6,3258300.00,1084969.19,0.00000000,,3,0,0.02724166,24070289.5288040,-0.0008125,-61.553,,1772077479,false
币安人生USDT,50,0.06338176,5,63381760.00,63381760.00,0.00005000,,3,0.00015,0.00015,41625951.1685500,-0.0003600,-0.564,15041468.74,1772077479,false
BLUAIUSDT,50,0.00519248,6,51924800.00,6376365.44,0.00005000,,3,0.00015,0.00015,894302.7468490,0.0000970,1.906,2477391.05,1772077479,false
TURTLEUSDT,50,0.04142000,5,41420000.00,41420000.00,0.00005000,,3,0.00015,0.00015,1499642.1640000,0.0006600,1.619,1438735.63,1772077479,false
APRUSDT,50,0.09002672,5,90026720.00,19440144.76,0.00005000,,3,0.00015,0.00015,1543630.2603400,0.0011700,1.316,1293770.48,1772077479,false
ONUSDT,50,0.08977000,5,89770000.00,12951566.75,0.00005000,,3,0.00015,0.00016971,772207.9466500,0.0066200,7.962,1607725.31,1772077479,false
42USDT,50,0.00193161,5,0.08,0.08,0.00000000,,3,0,0.02267067,34382770.2214600,0.0046747,20.712,,1772077479,false
COMMONUSDT,50,0.00037975,6,3797500.00,994552.63,0.00000000,,3,0,0.00517828,10893940.6051056,-0.0005057,-31.216,,1772077479,false
KITEUSDT,5,0.27821896,5,278218.96,237367.79,0.00005000,,3,0.00015,0.00015,99620850.2211000,0.0144700,5.484,60181842.88,1772077479,false
ATUSDT,50,0.15826205,5,158262050.00,36400271.50,0.00005000,,3,0.00015,0.00015,3727310.2859300,-0.0004200,-0.265,8725152.04,1772077479,false
CCUSDT,5,0.17458000,5,6603596964.81,6603596964.81,-0.00005124,,3,-0.00015372,0.0000643,12801227.5912200,0.0140800,8.773,12520851.59,1772077479,false
MMTUSDT,50,0.12450000,4,124500000.00,54380415.63,0.00005000,,3,0.00015,0.00010972,2924220.8383000,0.0025000,2.049,3341131.43,1772077479,false
TRUSTUSDT,50,0.07500000,4,75000000.00,13473587.40,0.00005000,,3,0.00015,0.00015,1449230.9321000,0.0011000,1.488,804846.53,1772077479,false
UAIUSDT,50,0.23003185,4,230031850.00,229584945.50,0.00005000,,3,0.00015,0.0001531,2887428.1490000,-0.0138000,-5.660,3464209.27,1772077479,false
FOLKSUSDT,50,1.18360538,3,59180269.00,15894372.70,0.00005000,,3,0.00015,0.00039144,2932435.159500,-0.029000,-2.391,2392117.37,1772077479,false
STABLEUSDT,5,0.03272200,6,3272200000.00,588996000.00,-0.00021784,,3,-0.00065352,-0.00170776,26586418.7784440,0.0038780,13.445,12997556.34,1772077479,false
JCTUSDT,40,0.00157696,6,1576960.00,,0.00005000,,3,0.00015,0.00020992,2217371.1666760,-0.0000240,-1.499,956393.16,1772077479,false
ALLOUSDT,50,0.11399829,5,113998290.00,24549467.00,0.00005000,,3,0.00015,0.00012397,50229593.5242400,0.0114100,11.122,7515648.71,1772077479,false
CLANKERUSDT,50,30.57000000,2,30559420884.66,30554503333.32,0.00005000,,3,0.00015,0.00008856,2547376.49870,-0.14000,-0.456,1172876.13,1772077479,false
BEATUSDT,40,0.20875369,4,208753690.00,29079389.02,0.00005000,,3,0.00015,0.00017086,11026733.7737000,-0.0199000,-8.698,3984273.34,1772077479,false
PIEVERSEUSDT,40,0.53303484,4,533034840.00,109272142.20,0.00005000,,3,0.00015,0.00085326,27900012.0268000,0.0096000,1.833,9048496.15,1772077479,false
SENTUSDT,5,0.02291000,5,787181606.01,165819877.88,-0.00039547,,3,-0.00118641,-0.00073837,19736508.4432600,-0.0011000,-4.581,13940043.05,1772077479,false
GAIBUSDT,40,0.02883120,4,28831200.00,5905542.76,0.00005000,,3,0.00015,0.00015,,,,,1772077479,false
BOBUSDT,20,0.00591767,6,2020.93,2020.93,-0.00064085,,3,-0.00192255,-0.00302012,14465088.5621100,0.0000330,0.561,910414.36,1772077479,false
IRYSUSDT,,0.02077000,5,207700000.00,41540000.00,-0.00043210,,3,-0.0012963,-0.00001881,2577412.3360070,-0.0006300,-2.944,1110052.4,1772077479,false
RLSUSDT,,0.00518000,6,51800000.00,5460986.57,0.00005000,,3,0.00015,0.00015,1425059.6261470,-0.0000140,-0.270,766055.34,1772077479,false
POWERUSDT,20,0.87326000,5,873260000.00,165443955.34,-0.00181688,,3,-0.00545064,-0.0095985,692628105.7314400,0.2022300,30.145,31357184.25,1772077479,false
WETUSDT,20,0.09641000,5,96410000.00,96410000.00,-0.00455206,,3,-0.01365618,-0.00008617,8703548.8396400,0.0085600,9.751,2533420.52,1772077479,false
NIGHTUSDT,50,0.05985741,5,598574100.00,598574100.00,0.00001173,,3,0.00003519,-0.00085574,7872430.4029200,0.0025400,4.432,8567886.17,1772077479,false
USUSDT,40,0.00354800,6,3548000.00,3547927.68,0.00005000,,3,0.00015,0.00015,706828.5180620,0.0001350,3.955,707263.13,1772077479,false
CYSUSDT,20,0.36350000,4,363500000.00,58450800.00,0.00002115,,3,0.00006345,0.00012716,5702373.9114000,-0.0285000,-7.270,4213047.51,1772077479,false
RAVEUSDT,40,0.28402000,5,284020000.00,67929694.49,-0.00012602,,3,-0.00037806,-0.00066339,38103992.1110600,0.0441600,18.409,4133804.88,1772077479,false
ZKPUSDT,40,0.08625797,5,86257970.00,28963049.66,-0.00010551,,3,-0.00031653,-0.00093418,6845156.2172300,0.0020700,2.458,4930884.24,1772077479,false
GUAUSDT,20,0.23291992,5,1616930084.64,1455134522.00,0.00090862,,3,0.00272586,0.00310345,26200679.4011500,0.0309700,15.320,10236400.98,1772077479,false
IRUSDT,40,0.07292630,5,72926300.00,14949891.50,0.00005000,,3,0.00015,0.00015,1142525.7335700,-0.0032200,-4.233,1325502.89,1772077479,false
LITUSDT,50,1.46280818,3,146280818000.00,74749497998.00,0.00005000,,3,0.00015,0.00015,60363722.679800,0.033000,2.306,38919376.72,1772077479,false
BREVUSDT,50,0.13982899,4,139828990.00,34957247.50,0.00005000,,3,0.00015,0.00011932,5340364.7107000,0.0081000,6.155,2883111.57,1772077479,false
COLLECTUSDT,20,0.05170501,5,25852505.00,,0.00005000,,3,0.00015,0.0004715,35627176.5446100,-0.0036900,-6.663,6168645.12,1772077479,false
MAGMAUSDT,20,0.09906000,5,99060000.00,18821400.00,0.00005000,,3,0.00015,0.00015,1320073.7102300,-0.0054200,-5.188,383805.2,1772077479,false
ZAMAUSDT,5,0.02327401,5,256014110.00,51202822.00,-0.00037105,,3,-0.00111315,-0.00011627,30676664.3883700,0.0004900,2.151,11238606.9,1772077479,false
FOGOUSDT,5,0.02834000,5,282087060.65,107115900.63,0.00002605,,3,0.00007815,-0.00183667,25119994.9305900,-0.0004400,-1.529,5999911.42,1772077479,false
FRAXUSDT,50,0.66899919,4,184653934.52,184653934.52,0.00005000,,3,0.00015,0.00011346,3605592.6140000,0.0226000,3.500,1766016.7,1772077479,false
SPORTFUNUSDT,20,0.04824000,5,,,0.00005000,,3,0.00015,0.00013455,8277122.2975900,-0.0013300,-2.683,1205437.38,1772077479,false
AIAUSDT,20,0.09185000,5,91850000.00,9139075.00,0.00005000,,3,0.00015,0.00043046,3942754.9280200,0.0061800,7.214,2682183.31,1772077479,false
ACUUSDT,10,0.11260504,5,113140754.20,25585249.79,0.00005000,,3,0.00015,0.00015,4225857.4699200,0.0016100,1.450,1003416.53,1772077479,false
我踏马来了USDT,20,0.01281038,6,12810380.00,12810380.00,0.00025841,,3,0.00077523,0.00019776,10313641.3564980,0.0002390,1.902,5904580.62,1772077479,false
ELSAUSDT,20,0.08748409,5,87484090.00,20032106.93,0.00005000,,3,0.00015,-0.00033416,6230933.6112300,0.0037000,4.417,1676942.37,1772077479,false
SKRUSDT,20,0.02182482,6,21824820.00,15328490.43,-0.00118565,,3,-0.00355695,-0.00459017,42917383.5579090,-0.0025560,-10.481,5576125.07,1772077479,false
SPACEUSDT,20,0.00884100,6,185661.00,61029.45,-0.00037186,,3,-0.00111558,-0.00056676,22928357.9727520,-0.0001520,-1.690,3403866.44,1772077479,false
FIGHTUSDT,20,0.00743368,6,7433446.20,7431021.50,0.00005000,,3,0.00015,0.00023637,22429400.2350030,-0.0000900,-1.195,2704414.46,1772077479,false
BIRBUSDT,50,0.16029000,5,16029000.00,,-0.00066176,,3,-0.00198528,-0.0008524,7623430.9815000,-0.0048300,-2.925,2676476.9,1772077479,false
GWEIUSDT,50,0.03757270,6,375727000.00,65752225.00,0.00105588,,3,0.00316764,0.00024019,17577852.4482670,0.0050450,15.450,7007439.75,1772077479,false
MEGAUSDT,5,0.13269470,5,132694.70,,0.00005000,,3,0.00015,0.00015,1070796.9812500,0.0030900,2.379,2551455.68,1772077479,false
INXUSDT,50,0.01302900,6,130290000.00,25983734.71,0.00005000,,3,0.00015,0.00010528,7878685.7576670,0.0007510,6.112,1065210.55,1772077479,false
TRIAUSDT,50,0.02242490,5,224249000.00,48385533.98,-0.00019230,,3,-0.0005769,0.00016251,32232693.8719300,0.0020200,9.883,4353755.88,1772077479,false
ESPUSDT,5,0.14307523,5,513640075.70,74477810.98,-0.00133154,,3,-0.00399462,-0.00454098,340943968.3835200,-0.0267000,-15.726,19991570.95,1772077479,false
AZTECUSDT,5,0.02636678,5,272896173.00,76596337.74,-0.00015751,,3,-0.00047253,-0.00044071,40964147.9055100,0.0010300,4.068,7584599.54,1772077479,false
OPNUSDT,,0.57425600,4,13165925965.57,13165925965.57,0.00005000,,3,0.00015,0.00015,65656415.9310000,0.0343000,6.359,7047525.75,1772077479,false
