timestamp,totalWalletBalance,totalUnrealizedProfit,totalMarginBalance,totalPositionInitialMargin,totalOpenOrderInitialMargin,availableBalance,maxWithdrawAmount
2026-02-25T04:06:06Z,0.00000000,0.00000000,0.00000000,0.00000000,0.00000000,0.00000000,0.00000000
2026-02-25T04:07:14Z,0.00000000,0.00000000,0.00000000,0.00000000,0.00000000,0.00000000,0.00000000
2026-02-25T04:07:14Z,0.00000000,0.00000000,0.00000000,0.00000000,0.00000000,0.00000000,0.00000000
2026-02-25T04:08:24Z,0.00000000,0.00000000,0.00000000,0.00000000,0.00000000,0.00000000,0.00000000
2026-02-25T04:08:29Z,0.00000000,0.00000000,0.00000000,0.00000000,0.00000000,0.00000000,0.00000000
2026-02-25T04:09:36Z,0.00000000,0.00000000,0.00000000,0.00000000,0.00000000,0.00000000,0.00000000
2026-02-25T04:10:52Z,0.00000000,0.00000000,0.00000000,0.00000000,0.00000000,0.00000000,0.00000000
2026-02-25T04:35:11Z,0.00000000,0.00000000,0.00000000,0.00000000,0.00000000,0.00000000,0.00000000
2026-02-25T04:35:43Z,0.00000000,0.00000000,0.00000000,0.00000000,0.00000000,0.00000000,0.00000000
2026-02-25T04:35:50Z,0.00000000,0.00000000,0.00000000,0.00000000,0.00000000,0.00000000,0.00000000
2026-02-25T04:36:44Z,0.00000000,0.00000000,0.00000000,0.00000000,0.00000000,0.00000000,0.00000000
2026-02-25T04:37:48Z,0.00000000,0.00000000,0.00000000,0.00000000,0.00000000,0.00000000,0.00000000
2026-02-25T04:39:00Z,5000.00000000,0.00000000,5000.00000000,0.00000000,0.00000000,5000.00000000,5000.00000000
2026-02-25T04:39:05Z,5000.00000000,0.00000000,5000.00000000,0.00000000,0.00000000,5000.00000000,5000.00000000
2026-02-25T04:40:15Z,5000.00000000,0.00000000,5000.00000000,0.00000000,0.00000000,5000.00000000,5000.00000000
2026-02-25T04:40:21Z,5000.00000000,0.00000000,5000.00000000,0.00000000,0.00000000,5000.00000000,5000.00000000
2026-02-25T04:42:40Z,5000.00000000,0.00000000,5000.00000000,0.00000000,0.00000000,5000.00000000,5000.00000000
2026-02-25T04:42:41Z,5000.00000000,0.00000000,5000.00000000,0.00000000,0.00000000,5000.00000000,5000.00000000
2026-02-25T04:43:53Z,4999.61670631,-0.16848471,4999.44822160,479.20136735,0.00000000,4520.21480896,4520.21480896
2026-02-25T04:43:56Z,4999.61670631,-0.16778471,4999.44892160,479.20101735,0.00000000,4520.21515896,4520.21515896
2026-02-25T04:45:11Z,4999.61670631,-0.25354942,4999.36315689,479.24389971,0.00000000,4520.05214072,4520.05214072
2026-02-25T04:45:13Z,4999.61670631,-0.18926632,4999.42743999,479.21175817,0.00000000,4520.11924333,4520.11924333
2026-02-25T04:46:30Z,4999.61670631,-0.16343000,4999.45327631,479.19884000,0.00000000,4520.24603631,4520.24603631
2026-02-25T04:47:41Z,4999.61670631,0.57010851,5000.18681482,478.83207074,0.00000000,4520.86093556,4520.86093556
2026-02-25T04:47:51Z,4999.61670631,0.69859665,5000.31530296,478.76782667,0.00000000,4521.20673963,4521.20673963
2026-02-25T04:49:19Z,4999.61670631,1.58579731,5001.20250362,478.32422634,0.00000000,4522.50213996,4522.50213996
2026-02-25T04:49:42Z,4999.61670631,1.26686999,5000.88357630,478.48369000,0.00000000,4522.39727630,4522.39727630
2026-02-25T04:50:34Z,4999.61670631,1.78061677,5001.39732308,478.22681661,0.00000000,4522.74662969,4522.74662969
2026-02-25T04:50:55Z,4999.61670631,2.01517219,5001.63187850,478.10953890,0.00000000,4522.93906740,4522.93906740
2026-02-25T04:51:50Z,4999.61670631,2.07790748,5001.69461379,478.07817126,0.00000000,4523.59387121,4523.59387121
2026-02-25T04:52:08Z,4999.61670631,2.12448702,5001.74119333,478.05488149,0.00000000,4523.68631184,4523.68631184
2026-02-25T04:53:16Z,4999.61670631,2.62727999,5002.24398630,477.80348500,0.00000000,4524.37819130,4524.37819130
2026-02-25T04:53:24Z,4999.61670631,2.47553999,5002.09224630,477.87935500,0.00000000,4524.21289130,4524.21289130
2026-02-25T04:54:01Z,4999.61670631,2.27670999,5001.89341630,477.97877000,0.00000000,4523.91464630,4523.91464630
2026-02-25T04:54:08Z,4999.61670631,2.26952437,5001.88623068,477.98236281,0.00000000,4523.90386787,4523.90386787
2026-02-25T04:55:13Z,4999.61670631,2.62307685,5002.23978316,477.80558657,0.00000000,4524.38982659,4524.38982659
2026-02-25T04:55:26Z,4999.61670631,2.62856509,5002.24527140,477.80284245,0.00000000,4524.39544895,4524.39544895
2026-02-25T04:56:28Z,4999.61670631,3.10452860,5002.72123491,477.56486070,0.00000000,4524.74590560,4524.74590560
2026-02-25T04:56:39Z,4999.61670631,3.24207038,5002.85877669,477.49608980,0.00000000,4524.83309650,4524.83309650
2026-02-25T04:57:41Z,4999.61670631,3.02353982,5002.64024613,477.60535509,0.00000000,4524.92372052,4524.92372052
2026-02-25T04:57:57Z,4999.61670631,3.13865531,5002.75536162,477.54779734,0.00000000,4525.07086896,4525.07086896
2026-02-25T04:59:03Z,4999.61670631,2.76339999,5002.38010630,477.73542500,0.00000000,4524.64468130,4524.64468130
2026-02-25T04:59:31Z,4999.61670631,2.95736256,5002.57406887,477.63844371,0.00000000,4524.93562516,4524.93562516
2026-02-25T04:59:55Z,4999.61670631,2.97313357,5002.58983988,477.63055821,0.00000000,4524.95667167,4524.95667167
2026-02-25T05:00:18Z,4999.61670631,2.82672360,5002.44342991,477.70376320,0.00000000,4524.73966671,4524.73966671
2026-02-25T05:01:30Z,4999.61670631,3.55865491,5003.17536122,477.33779754,0.00000000,4525.54575455,4525.54575455
2026-02-25T05:04:30Z,4999.61670631,2.92645999,5002.54316630,477.65389500,0.00000000,4524.88927130,4524.88927130
2026-02-25T05:04:35Z,4999.61670631,2.91862999,5002.53533630,477.65781000,0.00000000,4524.87752630,4524.87752630
2026-02-25T05:05:50Z,4999.61670631,2.34854494,5001.96525125,477.94285253,0.00000000,4523.90682023,4523.90682023
2026-02-25T05:06:50Z,4999.61670631,2.78056796,5002.39727427,477.72684101,0.00000000,4524.56849529,4524.56849529
2026-02-25T05:08:06Z,4999.61670631,3.01524999,5002.63195630,477.60950000,0.00000000,4524.80475630,4524.80475630
2026-02-25T05:08:08Z,4999.61670631,2.82055999,5002.43726630,477.70684500,0.00000000,4524.73042130,4524.73042130
2026-02-25T05:09:25Z,4999.61670631,2.96939759,5002.58610390,477.63242620,0.00000000,4524.89344499,4524.89344499
2026-02-25T05:09:28Z,4999.61670631,2.83434999,5002.45105630,477.69995000,0.00000000,4524.58660630,4524.58660630
2026-02-25T05:10:39Z,4999.61670631,3.28890999,5002.90561630,477.47267000,0.00000000,4525.32854630,4525.32854630
2026-02-25T05:11:24Z,4999.61670631,3.60668999,5003.22339630,477.31378000,0.00000000,4525.72599630,4525.72599630
2026-02-25T05:11:54Z,4999.61670631,3.84726662,5003.46397293,477.19349169,0.00000000,4526.09408124,4526.09408124
2026-02-25T05:12:03Z,4999.61670631,3.82945999,5003.44616630,477.20239500,0.00000000,4526.06947130,4526.06947130
2026-02-25T05:13:06Z,4999.61670631,3.79817255,5003.41487886,477.21803872,0.00000000,4526.03326346,4526.03326346
2026-02-25T05:13:31Z,4999.61670631,4.02817719,5003.64488350,477.10303640,0.00000000,4526.26912990,4526.26912990
2026-02-25T05:14:19Z,4999.55705878,5.13138536,5004.68844414,551.11087551,0.00000000,4452.44012966,4452.44012966
2026-02-25T05:14:46Z,4999.55705878,4.68228114,5004.23933992,551.33542763,0.00000000,4452.73897754,4452.73897754
2026-02-25T05:15:31Z,4999.55705878,4.92744766,5004.48450644,551.21284437,0.00000000,4453.20090743,4453.20090743
2026-02-25T05:15:55Z,4999.55705878,4.90918280,5004.46624158,551.22197679,0.00000000,4453.18749838,4453.18749838
2026-02-25T05:16:44Z,4999.55705878,4.38268337,5003.93974215,551.48522651,0.00000000,4452.43079726,4452.43079726
2026-02-25T05:17:07Z,4999.55705878,4.68155639,5004.23861517,551.33579000,0.00000000,4452.86652517,4452.86652517
2026-02-25T05:17:57Z,4999.55705878,4.65437639,5004.21143517,551.34938000,0.00000000,4452.82035517,4452.82035517
2026-02-25T05:18:17Z,4999.55705878,4.54477590,5004.10183468,551.40418024,0.00000000,4452.68900493,4452.68900493
2026-02-25T05:19:06Z,4999.55705878,4.78429683,5004.34135561,551.28441978,0.00000000,4452.75924408,4452.75924408
2026-02-25T05:19:27Z,4999.55705878,4.88967249,5004.44673127,551.23173195,0.00000000,4452.86620597,4452.86620597
2026-02-25T05:20:16Z,4999.55705878,5.60004502,5005.15710380,550.87654568,0.00000000,4454.00625949,4454.00625949
2026-02-25T05:20:40Z,4999.55705878,5.59302639,5005.15008517,550.88005500,0.00000000,4454.00314017,4454.00314017
2026-02-25T05:21:31Z,4999.55705878,5.68221581,5005.23927459,550.83546029,0.00000000,4454.17711488,4454.17711488
2026-02-25T05:21:53Z,4999.55705878,6.47618658,5006.03324536,550.43847490,0.00000000,4454.75132087,4454.75132087
2026-02-25T05:22:44Z,4999.55705878,6.87109209,5006.42815087,550.24102215,0.00000000,4456.03913122,4456.03913122
2026-02-25T05:23:06Z,4999.55705878,7.13553443,5006.69259321,550.10880098,0.00000000,4456.30362419,4456.30362419
2026-02-25T05:24:02Z,4999.55705878,9.01102927,5008.56808805,549.17105356,0.00000000,4457.38344161,4457.38344161
2026-02-25T05:24:34Z,4999.55705878,9.10064571,5008.65770449,549.12624534,0.00000000,4457.63254983,4457.63254983
2026-02-25T05:25:23Z,4999.55705878,9.22671939,5008.78377817,549.06320850,0.00000000,4459.71168667,4459.71168667
2026-02-25T05:25:36Z,4999.55705878,9.57759888,5009.13465766,548.88776875,0.00000000,4460.20984491,4460.20984491
2026-02-25T05:25:57Z,4999.55705878,9.40463224,5008.96169102,548.97425208,0.00000000,4459.97663894,4459.97663894
2026-02-25T05:26:35Z,4999.55705878,9.07062309,5008.62768187,549.14125665,0.00000000,4459.48642522,4459.48642522
2026-02-25T05:26:46Z,4999.55705878,8.39093639,5007.94799517,549.48110000,0.00000000,4458.46689517,4458.46689517
2026-02-25T05:27:17Z,4999.55705878,8.47292753,5008.02998631,549.44010443,0.00000000,4458.37085660,4458.37085660
2026-02-25T05:27:27Z,4999.55705878,8.49980864,5008.05686742,549.42666387,0.00000000,4458.52091656,4458.52091656
2026-02-25T05:27:47Z,4999.55705878,9.34928844,5008.90634722,549.00192398,0.00000000,4459.09632119,4459.09632119
2026-02-25T05:28:35Z,4999.55705878,9.27865826,5008.83571704,549.03723906,0.00000000,4459.44705972,4459.44705972
2026-02-25T05:28:58Z,4999.55705878,9.31072680,5008.86778558,549.02120480,0.00000000,4459.71936937,4459.71936937
2026-02-25T05:29:43Z,4999.55705878,9.14477639,5008.70183517,549.10418000,0.00000000,4459.59765517,4459.59765517
2026-02-25T05:30:10Z,4999.55705878,8.97370699,5008.53076577,549.18971470,0.00000000,4459.34105107,4459.34105107
2026-02-25T05:30:56Z,4999.55705878,8.40685596,5007.96391474,549.47314022,0.00000000,4458.49077452,4458.49077452
2026-02-25T05:31:19Z,4999.55705878,8.36946189,5007.92652067,549.49183725,0.00000000,4458.43468342,4458.43468342
2026-02-25T05:32:07Z,4999.55705878,9.72139729,5009.27845607,548.81586954,0.00000000,4459.61178563,4459.61178563
2026-02-25T05:32:27Z,4999.55705878,9.49657088,5009.05362966,548.92828275,0.00000000,4459.67263242,4459.67263242
2026-02-25T05:33:18Z,4999.55705878,10.66723639,5010.22429517,548.34295000,0.00000000,4461.12824517,4461.12824517
2026-02-25T05:33:36Z,4999.55705878,11.57861413,5011.13567291,547.88726112,0.00000000,4462.42401405,4462.42401405
2026-02-25T05:34:26Z,4999.55705878,12.79504639,5012.35210517,547.27904500,0.00000000,4464.67694017,4464.67694017
2026-02-25T05:34:45Z,4999.55705878,12.69105639,5012.24811517,547.33104000,0.00000000,4464.79061517,4464.79061517
2026-02-25T05:35:34Z,4999.55705878,13.11242046,5012.66947924,547.12035796,0.00000000,4465.23313721,4465.23313721
2026-02-25T05:35:54Z,4999.55705878,13.24240265,5012.79946143,547.05536687,0.00000000,4465.65101790,4465.65101790
2026-02-25T05:36:42Z,4999.55705878,13.23757097,5012.79462975,547.05778271,0.00000000,4465.53532246,4465.53532246
2026-02-25T05:37:02Z,4999.55705878,12.05500016,5011.61205894,547.64906811,0.00000000,4463.96299083,4463.96299083
2026-02-25T05:37:50Z,4999.55705878,14.88929251,5014.44635129,546.23192193,0.00000000,4465.87147324,4465.87147324
2026-02-25T05:38:11Z,4999.55705878,16.14336999,5015.70042877,545.60488320,0.00000000,4466.73008197,4466.73008197
2026-02-25T05:39:01Z,4999.55705878,14.54339639,5014.10045517,546.40487000,0.00000000,4467.56248517,4467.56248517
2026-02-25T05:39:20Z,4999.55705878,14.84213643,5014.39919521,546.25549997,0.00000000,4467.84821220,4467.84821220
2026-02-25T05:40:09Z,4999.45716483,13.89196149,5013.34912632,671.59803745,0.00000000,4341.65918138,4341.65918138
2026-02-25T05:40:29Z,4999.45716483,14.22930884,5013.68647367,671.42936378,0.00000000,4341.90912404,4341.90912404
2026-02-25T05:41:20Z,4999.45716483,14.65407966,5014.11124449,671.21697837,0.00000000,4342.85938013,4342.85938013
2026-02-25T05:41:41Z,4999.45716483,15.85795117,5015.31511600,670.61504262,0.00000000,4344.05967173,4344.05967173
2026-02-25T05:42:30Z,4999.45716483,15.14748611,5014.60465094,670.97027514,0.00000000,4343.49475419,4343.49475419
2026-02-25T05:42:50Z,4999.45716483,15.03049457,5014.48765940,671.02877091,0.00000000,4343.42018849,4343.42018849
2026-02-25T05:43:39Z,4999.45716483,14.39407647,5013.85124130,671.34697996,0.00000000,4342.50426134,4342.50426134
2026-02-25T05:44:02Z,4999.45716483,13.81865918,5013.27582401,671.63468861,0.00000000,4341.64113540,4341.64113540
2026-02-25T05:44:47Z,4999.45716483,12.91597886,5012.37314369,672.08602876,0.00000000,4340.28711493,4340.28711493
2026-02-25T05:45:11Z,4999.45716483,13.34649567,5012.80366050,671.87077036,0.00000000,4340.88782333,4340.88782333
2026-02-25T05:46:00Z,4999.45716483,13.79495123,5013.25211606,671.64654259,0.00000000,4341.59477347,4341.59477347
2026-02-25T05:46:21Z,4999.45716483,13.09108693,5012.54825176,671.99847474,0.00000000,4340.54977702,4340.54977702
2026-02-25T05:47:14Z,4999.45716483,13.50074720,5012.95791203,671.79364460,0.00000000,4341.14599743,4341.14599743
2026-02-25T05:47:30Z,4999.45716483,13.27244833,5012.72961316,671.90779404,0.00000000,4340.81514237,4340.81514237
2026-02-25T05:48:23Z,4999.45716483,10.67489415,5010.13205898,673.20657113,0.00000000,4336.85295918,4336.85295918
2026-02-25T05:48:39Z,4999.45716483,10.59396748,5010.05113231,673.24703445,0.00000000,4336.80409786,4336.80409786
2026-02-25T05:49:31Z,4999.45716483,11.73771276,5011.19487759,672.67516182,0.00000000,4338.44511687,4338.44511687
2026-02-25T05:49:51Z,4999.45716483,11.73550900,5011.19267383,672.67626370,0.00000000,4338.23851013,4338.23851013
2026-02-25T05:50:41Z,4999.45716483,11.17937170,5010.63653653,672.95433234,0.00000000,4337.66222975,4337.66222975
2026-02-25T05:51:00Z,4999.45716483,10.69477229,5010.15193712,673.19663205,0.00000000,4336.95530507,4336.95530507
2026-02-25T05:51:49Z,4999.45716483,10.70415883,5010.16132366,673.19193878,0.00000000,4336.95954037,4336.95954037
2026-02-25T05:52:09Z,4999.45716483,10.64869674,5010.10586157,673.21966983,0.00000000,4336.82309174,4336.82309174
2026-02-25T05:52:57Z,4999.45716483,10.52779314,5009.98495797,673.28012162,0.00000000,4336.70483635,4336.70483635
2026-02-25T05:53:21Z,4999.45716483,10.29554639,5009.75271122,673.39624500,0.00000000,4336.35646622,4336.35646622
2026-02-25T05:54:06Z,4999.45716483,10.41271959,5009.86988442,673.33765840,0.00000000,4336.51995298,4336.51995298
2026-02-25T05:54:32Z,4999.45716483,11.16529896,5010.62246379,672.96136871,0.00000000,4337.60745557,4337.60745557
2026-02-25T05:55:15Z,4999.45716483,11.30411082,5010.76127565,672.89196279,0.00000000,4337.84566090,4337.84566090
2026-02-25T05:55:47Z,4999.45716483,10.53677575,5009.99394058,673.27563032,0.00000000,4336.71831026,4336.71831026
2026-02-25T05:56:26Z,4999.45716483,10.68700913,5010.14417396,673.20051362,0.00000000,4336.93075352,4336.93075352
2026-02-25T05:56:57Z,4999.45716483,10.78783361,5010.24499844,673.15010140,0.00000000,4336.98429704,4336.98429704
2026-02-25T05:57:34Z,4998.42927983,12.48075333,5010.91003316,547.43619153,0.00000000,4463.34406384,4463.34406384
2026-02-25T05:58:08Z,4998.42927983,12.76389941,5011.19317924,547.29461848,0.00000000,4463.81930397,4463.81930397
2026-02-25T05:58:46Z,4998.42927983,13.05142599,5011.48070582,547.15085520,0.00000000,4464.05118102,4464.05118102
2026-02-25T05:59:24Z,4998.42927983,12.30166639,5010.73094622,547.52573500,0.00000000,4463.20521122,4463.20521122
2026-02-25T05:59:32Z,4998.42927983,12.73914097,5011.16842080,547.30699771,0.00000000,4463.82865409,4463.82865409
2026-02-25T05:59:43Z,4998.42927983,13.11718720,5011.54646703,547.11797459,0.00000000,4464.06774163,4464.06774163
2026-02-25T06:00:03Z,4998.42927983,12.87400721,5011.30328704,547.23956459,0.00000000,4464.04752245,4464.04752245
2026-02-25T06:00:40Z,4998.42927983,12.31383639,5010.74311622,547.51965000,0.00000000,4463.22346622,4463.22346622
2026-02-25T06:01:14Z,4998.42927983,12.70218911,5011.13146894,547.32547364,0.00000000,4463.60651598,4463.60651598
2026-02-25T06:01:50Z,4998.42927983,11.91154639,5010.34082622,547.72079500,0.00000000,4462.62003122,4462.62003122
2026-02-25T06:02:29Z,4998.42927983,11.74903442,5010.17831425,547.80205098,0.00000000,4462.36523853,4462.36523853
2026-02-25T06:03:08Z,4998.42927983,11.23018058,5009.65946041,548.06147790,0.00000000,4461.59798251,4461.59798251
2026-02-25T06:03:40Z,4998.42927983,11.27477663,5009.70405646,548.03917988,0.00000000,4461.66487658,4461.66487658
2026-02-25T06:04:18Z,4998.42927983,11.39368012,5009.82295995,547.97972813,0.00000000,4461.81160995,4461.81160995
2026-02-25T06:04:53Z,4998.42927983,11.60771531,5010.03699514,547.87271053,0.00000000,4462.01997496,4462.01997496
2026-02-25T06:05:30Z,4998.42927983,11.19164639,5009.62092622,548.08074500,0.00000000,4461.54018122,4461.54018122
2026-02-25T06:06:00Z,4998.42927983,11.83869485,5010.26797468,547.75722077,0.00000000,4462.05667545,4462.05667545
2026-02-25T06:06:38Z,4998.42927983,11.98269639,5010.41197622,547.68522000,0.00000000,4462.72675622,4462.72675622
2026-02-25T06:07:08Z,4998.42927983,11.64872639,5010.07800622,547.85220500,0.00000000,4462.22580122,4462.22580122
2026-02-25T06:07:50Z,4998.42927983,11.92296395,5010.35224378,547.71508621,0.00000000,4462.38254094,4462.38254094
2026-02-25T06:08:19Z,4998.42927983,12.02271639,5010.45199622,547.66521000,0.00000000,4462.43016622,4462.43016622
2026-02-25T06:09:02Z,4998.42927983,11.63667004,5010.06594987,547.85823317,0.00000000,4462.10906559,4462.10906559
2026-02-25T06:09:40Z,4998.42927983,11.83719568,5010.26647551,547.75797035,0.00000000,4462.43902513,4462.43902513
2026-02-25T06:10:13Z,4998.42927983,11.30176700,5009.73104683,548.02568469,0.00000000,4461.70536214,4461.70536214
2026-02-25T06:10:53Z,4998.42927983,11.54563540,5009.97491523,547.90375049,0.00000000,4462.02591395,4462.02591395
2026-02-25T06:11:24Z,4998.42927983,11.36813639,5009.79741622,547.99250000,0.00000000,4461.73966622,4461.73966622
2026-02-25T06:12:02Z,4998.42927983,11.21360909,5009.64288892,548.06976365,0.00000000,4461.57233177,4461.57233177
2026-02-25T06:12:32Z,4998.42927983,11.25687776,5009.68615759,548.04812931,0.00000000,4461.63802828,4461.63802828
2026-02-25T06:13:14Z,4998.42927983,11.66931422,5010.09859405,547.84191108,0.00000000,4462.02160514,4462.02160514
2026-02-25T06:13:41Z,4998.42927983,11.91993639,5010.34921622,547.71660000,0.00000000,4462.33531622,4462.33531622
2026-02-25T06:14:22Z,4998.42927983,11.61199639,5010.04127622,547.87057000,0.00000000,4462.01634622,4462.01634622
2026-02-25T06:14:52Z,4998.42927983,11.57716205,5010.00644188,547.88798716,0.00000000,4461.89606906,4461.89606906
2026-02-25T06:16:07Z,4998.42927983,12.26573639,5010.69501622,547.54370000,0.00000000,4463.12711622,4463.12711622
2026-02-25T06:16:55Z,4998.42927983,12.03136257,5010.46064240,547.66088691,0.00000000,4462.64385451,4462.64385451
2026-02-25T06:17:20Z,4998.42927983,12.30012639,5010.72940622,547.52650500,0.00000000,4463.07350122,4463.07350122
2026-02-25T06:18:05Z,4998.42927983,12.07124732,5010.50052715,547.64094454,0.00000000,4462.85958261,4462.85958261
2026-02-25T06:18:16Z,4998.42927983,12.04017852,5010.46945835,547.65647893,0.00000000,4462.81054693,4462.81054693
2026-02-25T06:18:31Z,4998.42927983,12.04439113,5010.47367096,547.65437264,0.00000000,4462.71192707,4462.71192707
2026-02-25T06:18:57Z,4998.42927983,12.68488723,5011.11416706,547.33412458,0.00000000,4463.51888887,4463.51888887
2026-02-25T06:19:04Z,4998.42927983,12.68488723,5011.11416706,547.33412458,0.00000000,4463.51888887,4463.51888887
2026-02-25T06:20:05Z,4998.42927983,11.19378115,5009.62306098,548.07967762,0.00000000,4461.54338336,4461.54338336
2026-02-25T06:20:16Z,4998.42927983,10.86847639,5009.29775622,548.24233000,0.00000000,4461.05542622,4461.05542622
2026-02-25T06:21:18Z,4998.42927983,10.48067260,5008.90995243,548.43623190,0.00000000,4460.41392320,4460.41392320
2026-02-25T06:21:32Z,4998.42927983,9.06334722,5007.49262705,549.14489458,0.00000000,4458.34773247,4458.34773247
2026-02-25T06:23:16Z,4998.42927983,9.26081184,5007.69009167,549.04616227,0.00000000,4458.64392940,4458.64392940
2026-02-25T06:24:07Z,4998.42927983,9.15645565,5007.58573548,549.09834037,0.00000000,4458.35082887,4458.35082887
2026-02-25T06:24:44Z,4998.42927983,8.88043894,5007.30971877,549.23634872,0.00000000,4458.07337005,4458.07337005
2026-02-25T06:25:03Z,4998.42927983,9.22259660,5007.65187643,549.06526989,0.00000000,4458.47091515,4458.47091515
2026-02-25T06:25:17Z,4998.42927983,9.35371427,5007.78299410,548.99971106,0.00000000,4458.67525635,4458.67525635
2026-02-25T06:25:55Z,4998.42927983,9.81239202,5008.24167185,548.77037218,0.00000000,4459.47129967,4459.47129967
2026-02-25T06:26:26Z,4998.42927983,9.88498299,5008.31426282,548.73407670,0.00000000,4459.58018612,4459.58018612
2026-02-25T06:26:50Z,4998.42927983,9.44569639,5007.87497622,548.95372000,0.00000000,4458.92125622,4458.92125622
2026-02-25T06:27:02Z,4998.42927983,9.32880959,5007.75808942,549.01216340,0.00000000,4458.74561282,4458.74561282
2026-02-25T06:27:08Z,4998.42927983,9.24911639,5007.67839622,549.05201000,0.00000000,4458.62568622,4458.62568622
2026-02-25T06:28:01Z,4998.42927983,8.85085118,5007.28013101,549.25114261,0.00000000,4458.02898840,4458.02898840
2026-02-25T06:28:04Z,4998.42927983,8.85085118,5007.28013101,549.25114261,0.00000000,4458.02898840,4458.02898840
2026-02-25T06:29:12Z,4998.42927983,9.73695414,5008.16623397,548.80809112,0.00000000,4459.35390205,4459.35390205
2026-02-25T06:29:18Z,4998.42927983,9.74049291,5008.16977274,548.80632174,0.00000000,4459.36345100,4459.36345100
2026-02-25T06:30:20Z,4998.42927983,10.31577504,5008.74505487,548.51868067,0.00000000,4459.81664555,4459.81664555
2026-02-25T06:30:29Z,4998.42927983,10.35062628,5008.77990611,548.50125506,0.00000000,4459.91817816,4459.91817816
2026-02-25T06:33:04Z,4998.42927983,9.60903726,5008.03831709,548.87204956,0.00000000,4459.10941910,4459.10941910
2026-02-25T06:33:05Z,4998.42927983,9.60903726,5008.03831709,548.87204956,0.00000000,4459.10941910,4459.10941910
2026-02-25T06:34:17Z,4998.42927983,8.96632177,5007.39560160,549.19340731,0.00000000,4458.20219429,4458.20219429
2026-02-25T06:34:22Z,4998.42927983,8.93940822,5007.36868805,549.20686408,0.00000000,4458.16182397,4458.16182397
2026-02-25T06:35:32Z,4998.42927983,10.26877785,5008.69805768,548.54217927,0.00000000,4459.97440205,4459.97440205
2026-02-25T06:35:35Z,4998.42927983,9.84102639,5008.27030622,548.75605500,0.00000000,4459.51425122,4459.51425122
2026-02-25T06:35:38Z,4998.42927983,9.82735893,5008.25663876,548.76288873,0.00000000,4459.49375003,4459.49375003
2026-02-25T06:36:22Z,4998.42927983,9.87054548,5008.29982531,548.74129545,0.00000000,4459.55852986,4459.55852986
2026-02-25T06:37:39Z,4998.42927983,9.40389639,5007.83317622,548.97462000,0.00000000,4458.85855622,4458.85855622
2026-02-25T06:37:55Z,4998.42927983,9.42615019,5007.85543002,548.96349310,0.00000000,4458.84640860,4458.84640860
2026-02-25T06:38:53Z,4998.42927983,8.84463639,5007.27391622,549.25425000,0.00000000,4458.01966622,4458.01966622
2026-02-25T06:39:13Z,4998.42927983,8.77440639,5007.20368622,549.28936500,0.00000000,4457.91432122,4457.91432122
2026-02-25T06:40:05Z,4998.42927983,9.09860428,5007.52788411,549.12726605,0.00000000,4458.39856606,4458.39856606
2026-02-25T06:40:27Z,4998.42927983,9.19910448,5007.62838431,549.07701595,0.00000000,4458.54068716,4458.54068716
2026-02-25T06:41:20Z,4998.42927983,9.31972081,5007.74900064,549.01670778,0.00000000,4458.61280844,4458.61280844
2026-02-25T06:41:40Z,4998.42927983,9.02203073,5007.45131056,549.16555283,0.00000000,4458.27678833,4458.27678833
2026-02-25T06:42:33Z,4998.42927983,9.37149338,5007.80077321,548.99082150,0.00000000,4458.79732651,4458.79732651
2026-02-25T06:42:50Z,4998.42927983,9.55448940,5007.98376923,548.89932350,0.00000000,4458.98196092,4458.98196092
2026-02-25T06:43:33Z,4998.42927983,9.52931639,5007.95859622,548.91191000,0.00000000,4458.94540622,4458.94540622
2026-02-25T06:43:35Z,4998.42927983,9.52931639,5007.95859622,548.91191000,0.00000000,4458.94540622,4458.94540622
2026-02-25T06:44:45Z,5007.51493848,0.00000000,5007.51493848,0.00000000,0.00000000,5007.51493848,5007.51493848
2026-02-25T06:44:47Z,5007.51493848,0.00000000,5007.51493848,0.00000000,0.00000000,5007.51493848,5007.51493848
2026-02-25T06:45:25Z,5007.51493848,0.00000000,5007.51493848,0.00000000,0.00000000,5007.51493848,5007.51493848
2026-02-25T06:45:38Z,5007.51493848,0.00000000,5007.51493848,0.00000000,0.00000000,5007.51493848,5007.51493848
2026-02-25T06:46:48Z,5007.51493848,0.00000000,5007.51493848,0.00000000,0.00000000,5007.51493848,5007.51493848
2026-02-25T06:47:03Z,5007.51493848,0.00000000,5007.51493848,0.00000000,0.00000000,5007.51493848,5007.51493848
2026-02-25T06:48:15Z,5007.51493848,0.00000000,5007.51493848,0.00000000,0.00000000,5007.51493848,5007.51493848
2026-02-25T06:49:05Z,5007.51493848,0.00000000,5007.51493848,0.00000000,0.00000000,5007.51493848,5007.51493848
2026-02-25T06:49:28Z,5007.51493848,0.00000000,5007.51493848,0.00000000,0.00000000,5007.51493848,5007.51493848
2026-02-25T06:50:14Z,5007.51493848,0.00000000,5007.51493848,0.00000000,0.00000000,5007.51493848,5007.51493848
2026-02-25T06:50:41Z,5007.51493848,0.00000000,5007.51493848,0.00000000,0.00000000,5007.51493848,5007.51493848
2026-02-25T06:51:24Z,5007.51493848,0.00000000,5007.51493848,0.00000000,0.00000000,5007.51493848,5007.51493848
2026-02-25T06:51:59Z,5006.72570700,0.58340000,5007.30910700,986.83105000,0.00000000,4020.02835700,4020.02835700
2026-02-25T06:52:39Z,5006.32784079,0.36396703,5006.69180782,1483.45544149,0.00000000,3523.06126870,3523.06126870
2026-02-25T06:53:10Z,5006.32784079,0.01416556,5006.34200635,1483.23161994,0.00000000,3523.05729856,3523.05729856
2026-02-25T06:53:54Z,5006.32784079,-0.33836436,5005.98947643,1483.32454282,0.00000000,3522.61893361,3522.61893361
2026-02-25T06:54:23Z,5006.32784079,-0.58251296,5005.74532783,1483.27338167,0.00000000,3522.43995287,3522.43995287
2026-02-25T06:55:10Z,5006.32784079,-0.65971968,5005.66812111,1483.38895523,0.00000000,3522.25796588,3522.25796588
2026-02-25T06:55:39Z,5006.32784079,-0.53626144,5005.79157935,1483.47529683,0.00000000,3522.27304140,3522.27304140
2026-02-25T06:56:21Z,5006.32784079,-0.95014834,5005.37769245,1482.84459083,0.00000000,3522.48839162,3522.48839162
2026-02-25T06:56:46Z,5006.32784079,-0.62051750,5005.70732329,1483.04688375,0.00000000,3522.66043954,3522.66043954
2026-02-25T06:57:28Z,5006.32784079,-1.10247356,5005.22536723,1482.74592801,0.00000000,3522.46021885,3522.46021885
2026-02-25T06:57:59Z,5006.32784079,-0.99950001,5005.32834078,1483.44617500,0.00000000,3521.59726578,3521.59726578
2026-02-25T06:58:38Z,5006.32784079,-1.47729549,5004.85054530,1483.65063923,0.00000000,3520.81098959,3520.81098959
2026-02-25T06:59:11Z,5006.32784079,-2.07509314,5004.25274765,1483.13696646,0.00000000,3521.08393262,3521.08393262
2026-02-25T07:00:12Z,5006.32784079,-1.86952704,5004.45831375,1483.36545957,0.00000000,3520.94038313,3520.94038313
2026-02-25T07:00:14Z,5006.32784079,-1.86952704,5004.45831375,1483.36545957,0.00000000,3520.94583073,3520.94583073
2026-02-25T07:01:27Z,5006.32784079,-1.22053443,5005.10730636,1484.36203326,0.00000000,3520.52263206,3520.52263206
2026-02-25T07:01:27Z,5006.32784079,-1.05654612,5005.27129467,1484.54759806,0.00000000,3519.84619661,3519.84619661
2026-02-25T07:02:38Z,5006.32784079,-1.62554400,5004.70229679,1484.50599700,0.00000000,3519.94922979,3519.94922979
2026-02-25T07:02:42Z,5006.32784079,-1.62554400,5004.70229679,1484.50599700,0.00000000,3519.94922979,3519.94922979
2026-02-25T07:03:50Z,5006.32784079,-2.10163001,5004.22621078,1483.02514000,0.00000000,3521.20107078,3521.20107078
2026-02-25T07:03:55Z,5006.32784079,-2.08710175,5004.24073904,1483.01637587,0.00000000,3521.18940491,3521.18940491
2026-02-25T07:05:02Z,5006.32784079,-2.45344017,5003.87440062,1483.86058259,0.00000000,3519.90901052,3519.90901052
2026-02-25T07:05:11Z,5006.32784079,-2.17338418,5004.15445661,1483.70889807,0.00000000,3520.31776526,3520.31776526
2026-02-25T07:06:14Z,5006.32784079,-2.55691855,5003.77092224,1483.44658427,0.00000000,3520.17063797,3520.17063797
2026-02-25T07:07:25Z,5006.32784079,-3.98613286,5002.34170793,1482.47076290,0.00000000,3519.76722920,3519.76722920
2026-02-25T07:08:33Z,5006.32784079,-4.21499948,5002.11284131,1482.11772474,0.00000000,3519.93501657,3519.93501657
2026-02-25T07:09:41Z,5006.32784079,-3.06193492,5003.26590587,1483.59032370,0.00000000,3519.52825092,3519.52825092
2026-02-25T07:09:44Z,5006.32784079,-2.80389589,5003.52394490,1483.98107294,0.00000000,3519.03917196,3519.03917196
2026-02-25T07:10:53Z,5006.32784079,-1.45736014,5004.87048065,1486.49469054,0.00000000,3517.60040465,3517.60040465
2026-02-25T07:12:02Z,5006.32784079,-1.31583988,5005.01200091,1486.52174494,0.00000000,3518.24221597,3518.24221597
2026-02-25T07:12:02Z,5006.32784079,-1.41639456,5004.91144623,1486.49012228,0.00000000,3518.21164395,3518.21164395
2026-02-25T07:13:11Z,5006.32784079,-0.08115343,5006.24668736,1488.14849264,0.00000000,3517.21030380,3517.21030380
2026-02-25T07:13:12Z,5006.32784079,-0.21622102,5006.11161977,1488.13222122,0.00000000,3516.89971284,3516.89971284
2026-02-25T07:14:21Z,5006.32784079,-0.87624472,5005.45159607,1487.07327236,0.00000000,3518.32531019,3518.32531019
2026-02-25T07:14:24Z,5006.32784079,-0.87861764,5005.44922315,1487.06896317,0.00000000,3518.34823064,3518.34823064
2026-02-25T07:15:30Z,5006.32784079,-0.93392582,5005.39391497,1485.89318792,0.00000000,3519.26389055,3519.26389055
2026-02-25T07:15:32Z,5006.32784079,-0.46863838,5005.85920241,1486.09774419,0.00000000,3519.42261659,3519.42261659
2026-02-25T07:16:38Z,5006.32784079,1.42713101,5007.75497180,1489.18465949,0.00000000,3517.02701231,3517.02701231
2026-02-25T07:16:41Z,5006.32784079,1.67313989,5008.00098068,1489.51745506,0.00000000,3516.54802562,3516.54802562
2026-02-25T07:17:46Z,5006.32784079,0.34771859,5006.67555938,1489.68731375,0.00000000,3516.67529760,3516.67529760
2026-02-25T07:17:49Z,5006.32784079,0.20906317,5006.53690396,1489.64909662,0.00000000,3516.64490415,3516.64490415
2026-02-25T07:18:59Z,5006.32784079,-0.12898121,5006.19885958,1489.43442295,0.00000000,3516.65752930,3516.65752930
2026-02-25T07:18:59Z,5006.32784079,-0.12821082,5006.19962997,1489.42932472,0.00000000,3516.66811096,3516.66811096
2026-02-25T07:20:09Z,5006.32784079,-0.51767198,5005.81016881,1489.58252088,0.00000000,3516.13868805,3516.13868805
2026-02-25T07:20:09Z,5006.32784079,-0.51767198,5005.81016881,1489.58252088,0.00000000,3516.13868805,3516.13868805
2026-02-25T07:21:19Z,5006.32784079,-0.47315906,5005.85468173,1488.90355492,0.00000000,3516.95112681,3516.95112681
2026-02-25T07:21:21Z,5006.32784079,-0.47315906,5005.85468173,1488.90355492,0.00000000,3516.95112681,3516.95112681
2026-02-25T07:22:31Z,5006.32784079,-1.36059114,5004.96724965,1487.94270963,0.00000000,3516.94418021,3516.94418021
2026-02-25T07:22:35Z,5006.32784079,-1.34360467,5004.98423612,1487.93421640,0.00000000,3516.95267344,3516.95267344
2026-02-25T07:23:39Z,5006.32784079,-0.50918764,5005.81865315,1488.92001883,0.00000000,3516.41543432,3516.41543432
2026-02-25T07:23:44Z,5006.32784079,-0.54981039,5005.77803040,1488.91099492,0.00000000,3516.27257076,3516.27257076
2026-02-25T07:24:47Z,5006.32784079,-0.72236691,5005.60547388,1488.30186108,0.00000000,3517.16447755,3517.16447755
2026-02-25T07:24:53Z,5006.32784079,-0.69228703,5005.63555376,1488.27617523,0.00000000,3517.16540601,3517.16540601
2026-02-25T07:25:55Z,5006.32784079,-0.78863730,5005.53920349,1487.83494365,0.00000000,3517.54476714,3517.54476714
2026-02-25T07:26:02Z,5006.32784079,-0.84665457,5005.48118622,1487.86545229,0.00000000,3517.48997850,3517.48997850
2026-02-25T07:27:03Z,5006.32784079,-0.50120337,5005.82663742,1487.85872668,0.00000000,3517.72111074,3517.72111074
2026-02-25T07:27:10Z,5006.32784079,-0.39419418,5005.93364661,1487.84702210,0.00000000,3517.72434420,3517.72434420
2026-02-25T07:28:13Z,5006.32784079,-0.24358805,5006.08425274,1488.48821903,0.00000000,3517.39503371,3517.39503371
2026-02-25T07:28:18Z,5006.32784079,-0.17295001,5006.15489078,1488.53770000,0.00000000,3517.36849078,3517.36849078
2026-02-25T07:29:21Z,5006.32784079,0.68427109,5007.01211188,1488.96440836,0.00000000,3517.31248463,3517.31248463
2026-02-25T07:29:28Z,5006.32784079,0.72246290,5007.05030369,1489.05284048,0.00000000,3517.16221629,3517.16221629
2026-02-25T07:30:31Z,5006.32784079,0.38878013,5006.71662092,1488.75123434,0.00000000,3517.91598718,3517.91598718
2026-02-25T07:30:37Z,5006.32784079,0.70202770,5007.02986849,1489.00881115,0.00000000,3517.78525734,3517.78525734
2026-02-25T07:31:41Z,5006.32784079,1.70633681,5008.03417760,1491.04516475,0.00000000,3516.02262470,3516.02262470
2026-02-25T07:31:50Z,5006.32784079,1.63381186,5007.96165265,1491.22373084,0.00000000,3516.05730005,3516.05730005
2026-02-25T07:32:50Z,5006.32784079,0.24163918,5006.56947997,1490.95068174,0.00000000,3515.61456478,3515.61456478
2026-02-25T07:32:59Z,5006.32784079,0.14596144,5006.47380223,1490.97857764,0.00000000,3515.49522459,3515.49522459
2026-02-25T07:33:58Z,5006.32784079,-0.16013725,5006.16770354,1490.56231223,0.00000000,3515.60389131,3515.60389131
2026-02-25T07:34:07Z,5006.32784079,-0.24372359,5006.08411720,1490.38868680,0.00000000,3515.67372040,3515.67372040
2026-02-25T07:35:07Z,5006.32784079,0.00598451,5006.33382530,1490.72998915,0.00000000,3515.53814776,3515.53814776
2026-02-25T07:35:16Z,5006.32784079,-0.04724133,5006.28059946,1490.63569879,0.00000000,3515.59630707,3515.59630707
2026-02-25T07:36:17Z,5006.32784079,-0.84021957,5005.48762122,1489.05063480,0.00000000,3515.94514512,3515.94514512
2026-02-25T07:36:26Z,5006.32784079,-1.27144291,5005.05639788,1488.73704646,0.00000000,3516.13716433,3516.13716433
2026-02-25T07:37:25Z,5006.32784079,-0.77874083,5005.54909996,1488.79576712,0.00000000,3516.73626114,3516.73626114
2026-02-25T07:37:35Z,5006.32784079,-0.82917626,5005.49866453,1488.73192688,0.00000000,3516.76673765,3516.76673765
2026-02-25T07:38:32Z,5006.32784079,-0.99265063,5005.33519016,1488.45207175,0.00000000,3516.82980480,3516.82980480
2026-02-25T07:38:42Z,5006.32784079,-0.83262367,5005.49521712,1488.93713683,0.00000000,3516.40458029,3516.40458029
2026-02-25T07:39:39Z,5006.32784079,-1.79371371,5004.53412708,1488.28151924,0.00000000,3516.20660784,3516.20660784
2026-02-25T07:39:52Z,5006.32784079,-1.71532503,5004.61251576,1488.20545192,0.00000000,3516.33806384,3516.33806384
2026-02-25T07:40:47Z,5006.32784079,-1.22415336,5005.10368743,1488.62530168,0.00000000,3516.12861121,3516.12861121
2026-02-25T07:41:00Z,5006.32784079,-1.82066816,5004.50717263,1487.79566379,0.00000000,3516.58036209,3516.58036209
2026-02-25T07:41:54Z,5006.32784079,-2.15785327,5004.16998752,1486.75715163,0.00000000,3517.09440935,3517.09440935
2026-02-25T07:42:08Z,5006.32784079,-1.99894001,5004.32890078,1487.15869500,0.00000000,3516.98470578,3516.98470578
2026-02-25T07:43:03Z,5006.32784079,-1.65377130,5004.67406949,1486.94929293,0.00000000,3517.09035428,3517.09035428
2026-02-25T07:43:17Z,5006.32784079,-1.79800872,5004.52983207,1486.85106175,0.00000000,3517.25237317,3517.25237317
2026-02-25T07:44:11Z,5006.32784079,-2.91834344,5003.40949735,1485.61927988,0.00000000,3517.46580676,3517.46580676
2026-02-25T07:44:26Z,5006.32784079,-2.55115001,5003.77669078,1486.13700000,0.00000000,3517.49827078,3517.49827078
2026-02-25T07:45:21Z,5006.32784079,-2.00950405,5004.31833674,1486.64103035,0.00000000,3517.33445309,3517.33445309
2026-02-25T07:45:33Z,5006.32784079,-1.57743394,5004.75040685,1487.10745147,0.00000000,3516.87864589,3516.87864589
2026-02-25T07:46:28Z,5006.32784079,-1.21901393,5005.10882686,1487.33839804,0.00000000,3516.89236274,3516.89236274
2026-02-25T07:46:42Z,5006.32784079,-1.38189334,5004.94594745,1487.21523329,0.00000000,3517.63525254,3517.63525254
2026-02-25T07:47:36Z,5006.32784079,-1.58499762,5004.74284317,1486.53304532,0.00000000,3518.10467546,3518.10467546
2026-02-25T07:47:49Z,5006.32784079,-1.42610447,5004.90173632,1486.69997723,0.00000000,3517.92083995,3517.92083995
2026-02-25T07:48:44Z,5006.32784079,-2.10729018,5004.22055061,1486.41658865,0.00000000,3517.77292365,3517.77292365
2026-02-25T07:48:56Z,5006.32784079,-2.00678978,5004.32105101,1486.39378646,0.00000000,3517.89139798,3517.89139798
2026-02-25T07:49:57Z,5006.32784079,-1.54829961,5004.77954118,1486.85767480,0.00000000,3517.54416638,3517.54416638
2026-02-25T07:50:06Z,5006.32784079,-1.59551286,5004.73232793,1486.82246185,0.00000000,3517.85538566,3517.85538566
2026-02-25T07:51:04Z,5006.32784079,-1.07988642,5005.24795437,1487.41489811,0.00000000,3517.68512637,3517.68512637
2026-02-25T07:51:13Z,5006.32784079,-1.17354055,5005.15430024,1487.55586999,0.00000000,3517.44095553,3517.44095553
2026-02-25T07:52:13Z,5006.32784079,-1.25470673,5005.07313406,1487.41008720,0.00000000,3517.59329498,3517.59329498
2026-02-25T07:52:21Z,5006.32784079,-1.21164107,5005.11619972,1487.33792244,0.00000000,3517.77760038,3517.77760038
2026-02-25T07:53:21Z,5006.32784079,-0.17661950,5006.15122129,1488.79220082,0.00000000,3516.12245440,3516.12245440
2026-02-25T07:53:30Z,5006.32784079,-0.41321333,5005.91462746,1488.58627790,0.00000000,3517.02930332,3517.02930332
2026-02-25T07:54:28Z,5006.32784079,-0.45127556,5005.87656523,1488.93866278,0.00000000,3516.78060245,3516.78060245
2026-02-25T07:54:38Z,5006.32784079,-0.74980849,5005.57803230,1488.83452925,0.00000000,3516.74350305,3516.74350305
2026-02-25T07:55:36Z,5006.32784079,-1.22924142,5005.09859937,1488.31371277,0.00000000,3516.78488660,3516.78488660
2026-02-25T07:55:45Z,5006.32784079,-1.19119605,5005.13664474,1488.25622586,0.00000000,3516.74168687,3516.74168687
2026-02-25T07:56:44Z,5006.32784079,-0.78148001,5005.54636078,1488.66526500,0.00000000,3516.57899578,3516.57899578
2026-02-25T07:56:53Z,5006.32784079,-0.75609983,5005.57174096,1488.64007491,0.00000000,3516.59644039,3516.59644039
2026-02-25T07:57:53Z,5006.32784079,-1.37188277,5004.95595802,1488.99175488,0.00000000,3515.88632162,3515.88632162
2026-02-25T07:58:02Z,5006.32784079,-1.64342384,5004.68441695,1488.87957730,0.00000000,3515.78041965,3515.78041965
2026-02-25T07:59:01Z,5006.32784079,-1.00671099,5005.32112980,1489.35146252,0.00000000,3515.94273788,3515.94273788
2026-02-25T07:59:09Z,5006.32784079,-1.01438562,5005.31345517,1489.19004455,0.00000000,3516.06773141,3516.06773141
2026-02-25T08:00:11Z,5006.32784079,-1.15827875,5005.16956204,1489.36487513,0.00000000,3515.71861410,3515.71861410
2026-02-25T08:00:24Z,5006.12501720,-1.31865109,5004.80636611,1489.25131964,0.00000000,3515.43940376,3515.43940376
2026-02-25T08:01:23Z,5006.12501720,-0.91142329,5005.21359391,1489.57547216,0.00000000,3515.48673503,3515.48673503
2026-02-25T08:01:39Z,5006.12501720,-1.27092360,5004.85409360,1489.21309496,0.00000000,3515.56998523,3515.56998523
2026-02-25T08:02:32Z,5005.94505110,-2.47721459,5003.46783651,1688.83875844,0.00000000,3314.46259668,3314.46259668
2026-02-25T08:02:51Z,5005.79573953,-4.09215379,5001.70358574,1838.28683864,0.00000000,3163.28330335,3163.28330335
2026-02-25T08:03:42Z,5005.64601110,-3.21479653,5002.43121457,1987.13648111,0.00000000,3014.72368425,3014.72368425
2026-02-25T08:04:01Z,5005.64601110,-2.85117661,5002.79483449,1987.07399226,0.00000000,3015.37503871,3015.37503871
2026-02-25T08:04:52Z,5005.64601110,-3.97929673,5001.66671437,1987.88566545,0.00000000,3013.59342323,3013.59342323
2026-02-25T08:05:11Z,5005.64601110,-3.76554130,5001.88046980,1988.86995350,0.00000000,3011.80382874,3011.80382874
2026-02-25T08:09:58Z,5005.64601110,-3.50327243,5002.14273867,1989.82931696,0.00000000,3011.85048012,3011.85048012
2026-02-25T08:25:34Z,5005.64601110,-2.20619873,5003.43981237,1994.29266169,0.00000000,3008.81768703,3008.81768703
2026-02-25T08:25:54Z,5005.64601110,-2.87009197,5002.77591913,1993.72613679,0.00000000,3008.88101721,3008.88101721
2026-02-25T08:34:26Z,5005.64601110,-1.09144459,5004.55456651,1993.31460515,0.00000000,3010.48821378,3010.48821378
2026-02-25T08:34:38Z,5005.64601110,0.35507794,5006.00108904,1994.96816676,0.00000000,3010.60887021,3010.60887021
2026-02-25T08:35:37Z,5005.64601110,0.34019945,5005.98621055,1995.16724390,0.00000000,3010.43111023,3010.43111023
2026-02-25T08:35:55Z,5005.64601110,0.44316962,5006.08918072,1994.92172220,0.00000000,3011.00598731,3011.00598731
2026-02-25T08:36:55Z,5005.64601110,1.02336295,5006.66937405,1995.05920137,0.00000000,3011.03207148,3011.03207148
2026-02-25T08:37:11Z,5005.64601110,0.74588877,5006.39189987,1996.13101618,0.00000000,3009.12986398,3009.12986398
2026-02-25T13:39:34Z,5005.64601110,-34.91492825,4970.73108285,2062.42531150,0.00000000,2907.75098829,2907.75098829
2026-02-25T13:39:34Z,5005.64601110,-34.91492825,4970.73108285,2062.42531150,0.00000000,2907.75698829,2907.75698829
2026-02-25T13:40:48Z,5005.64601110,-35.96601796,4969.67999314,2062.99400909,0.00000000,2906.43554037,2906.43554037
2026-02-25T13:40:51Z,5005.64601110,-35.96601796,4969.67999314,2062.99400909,0.00000000,2906.43554037,2906.43554037
2026-02-25T13:41:58Z,5005.64601110,-35.03065840,4970.61535270,2063.18051260,0.00000000,2906.34533384,2906.34533384
2026-02-25T13:42:04Z,5005.64601110,-35.02212661,4970.62388449,2063.15339472,0.00000000,2906.45998756,2906.45998756
2026-02-26T03:17:21Z,5005.21203360,-4.97157188,5000.24046172,2120.97286879,0.00000000,2878.65610967,2878.65610967
2026-02-26T03:17:24Z,5005.21203360,-5.00227032,5000.20976328,2120.92991801,0.00000000,2878.70074213,2878.70074213
2026-02-26T03:18:36Z,5005.21203360,-4.02717874,5001.18485486,2121.07685091,0.00000000,2879.29430299,2879.29430299
2026-02-26T03:18:39Z,5005.21203360,-4.24895221,5000.96308139,2121.18180221,0.00000000,2879.07168864,2879.07168864
2026-02-26T03:19:55Z,5005.21203360,-4.50420390,5000.70782970,2120.73328481,0.00000000,2879.63919299,2879.63919299
2026-02-26T03:19:57Z,5005.21203360,-4.51820306,5000.69383054,2120.73498440,0.00000000,2879.62989611,2879.62989611
2026-02-26T03:21:15Z,5005.21203360,-3.48717061,5001.72486299,2117.62337070,0.00000000,2882.20350423,2882.20350423
2026-02-26T03:21:18Z,5005.21203360,-3.55186202,5001.66017158,2117.62041387,0.00000000,2882.14230912,2882.14230912
2026-02-26T03:22:40Z,5005.21203360,-4.91646129,5000.29557231,2118.81431950,0.00000000,2881.21651961,2881.21651961
2026-02-26T03:22:41Z,5005.21203360,-4.89773976,5000.31429384,2118.78945275,0.00000000,2881.25011389,2881.25011389
2026-02-26T03:23:54Z,5005.21203360,-4.34687839,5000.86515521,2118.70278853,0.00000000,2881.72794362,2881.72794362
2026-02-26T03:23:55Z,5005.21203360,-4.37292006,5000.83911354,2118.71430936,0.00000000,2881.70397953,2881.70397953
2026-02-26T03:25:17Z,5005.21203360,-5.05545484,5000.15657876,2118.61480617,0.00000000,2881.25276180,2881.25276180
2026-02-26T03:25:21Z,5005.21203360,-5.05545484,5000.15657876,2118.61480617,0.00000000,2881.25276180,2881.25276180
2026-02-26T03:26:29Z,5005.21203360,-4.59433976,5000.61769384,2120.52290413,0.00000000,2879.67077678,2879.67077678
2026-02-26T03:26:34Z,5005.21203360,-5.07488607,5000.13714753,2120.40275079,0.00000000,2879.24819317,2879.24819317
2026-02-26T03:27:43Z,5005.21203360,-4.71920294,5000.49283066,2119.51482644,0.00000000,2880.61658059,2880.61658059
2026-02-26T03:27:48Z,5005.21203360,-4.73818246,5000.47385114,2119.51867409,0.00000000,2880.76430353,2880.76430353
2026-02-26T03:28:55Z,5005.21203360,-4.52100134,5000.69103226,2120.08738352,0.00000000,2880.19507537,2880.19507537
2026-02-26T03:29:01Z,5005.21203360,-4.81501735,5000.39701625,2120.22379153,0.00000000,2879.93409124,2879.93409124
2026-02-26T03:30:13Z,5005.21203360,-4.90542200,5000.30661160,2119.92317182,0.00000000,2880.19198566,2880.19198566
2026-02-26T03:30:19Z,5005.21203360,-4.64595987,5000.56607373,2119.50786956,0.00000000,2880.47049427,2880.47049427
2026-02-26T03:30:58Z,5005.21203360,-4.35944256,5000.85259104,2118.48808316,0.00000000,2881.73063567,2881.73063567
2026-02-26T03:31:25Z,5005.21203360,-3.97021693,5001.24181667,2120.24059132,0.00000000,2880.55787230,2880.55787230
2026-02-26T03:32:14Z,5005.21203360,-3.22565291,5001.98638069,2121.62532509,0.00000000,2879.83899789,2879.83899789
2026-02-26T03:32:40Z,5005.21203360,-2.64787422,5002.56415938,2122.29410123,0.00000000,2879.49436497,2879.49436497
2026-02-26T03:32:56Z,5005.21203360,-2.49665687,5002.71537673,2122.23147491,0.00000000,2879.80751124,2879.80751124
2026-02-26T03:33:52Z,5005.21203360,-3.58232185,5001.62971175,2125.85827833,0.00000000,2875.49219356,2875.49219356
2026-02-26T03:34:11Z,5005.21203360,-3.75160777,5001.46042583,2124.04389544,0.00000000,2877.23999907,2877.23999907
2026-02-26T03:35:08Z,5005.21203360,-2.72833417,5002.48369943,2124.26284995,0.00000000,2877.82028525,2877.82028525
2026-02-26T03:35:29Z,5005.21203360,-2.83510761,5002.37692599,2123.91594835,0.00000000,2878.24816622,2878.24816622
2026-02-26T03:36:19Z,5005.21203360,-3.45819700,5001.75383660,2124.78478815,0.00000000,2876.74290809,2876.74290809
2026-02-26T03:36:44Z,5005.21203360,-2.50436284,5002.70767076,2123.73996252,0.00000000,2878.81690592,2878.81690592
2026-02-26T03:37:31Z,5005.21203360,-2.05327975,5003.15875385,2121.38732273,0.00000000,2880.84038086,2880.84038086
2026-02-26T03:37:58Z,5005.21203360,-1.84130951,5003.37072409,2121.68753761,0.00000000,2881.06893698,2881.06893698
2026-02-26T03:38:42Z,5005.21203360,-2.17692197,5003.03511163,2121.97487416,0.00000000,2880.26473696,2880.26473696
2026-02-26T03:39:12Z,5005.21203360,-1.91345353,5003.29858007,2122.27246620,0.00000000,2880.36518829,2880.36518829
2026-02-26T03:39:55Z,5005.21203360,-1.82677677,5003.38525683,2121.22404694,0.00000000,2881.67826106,2881.67826106
2026-02-26T03:40:25Z,5005.21203360,-1.66129319,5003.55074041,2120.60202946,0.00000000,2882.59849383,2882.59849383
2026-02-26T03:41:10Z,5005.21203360,-1.92655329,5003.28548031,2121.66866130,0.00000000,2881.22811721,2881.22811721
2026-02-26T03:41:41Z,5005.21203360,-1.39891277,5003.81312083,2122.96558870,0.00000000,2880.69960837,2880.69960837
2026-02-26T03:42:25Z,5005.21203360,-1.77649986,5003.43553374,2123.96297251,0.00000000,2878.93576040,2878.93576040
2026-02-26T03:42:54Z,5005.21203360,-2.60055567,5002.61147793,2124.33352392,0.00000000,2877.94446307,2877.94446307
2026-02-26T03:43:44Z,5005.21203360,-3.20519718,5002.00683642,2125.32688906,0.00000000,2876.21082720,2876.21082720
2026-02-26T03:44:13Z,5005.21203360,-3.40992347,5001.80211013,2125.23698335,0.00000000,2876.46500186,2876.46500186
2026-02-26T03:44:59Z,5005.21203360,-3.71690288,5001.49513072,2125.12671160,0.00000000,2876.02415006,2876.02415006
2026-02-26T03:45:27Z,5005.21203360,-3.44790029,5001.76413331,2124.36659598,0.00000000,2877.27151097,2877.27151097
2026-02-26T03:46:12Z,5005.21203360,-3.11201507,5002.10001853,2124.38286566,0.00000000,2877.51977124,2877.51977124
2026-02-26T03:46:43Z,5005.21203360,-3.39628062,5001.81575298,2125.07272318,0.00000000,2876.38233945,2876.38233945
2026-02-26T03:47:25Z,5005.21203360,-4.32828739,5000.88374621,2125.56983987,0.00000000,2875.00571945,2875.00571945
2026-02-26T03:47:58Z,5005.21203360,-4.04064111,5001.17139249,2125.35409037,0.00000000,2875.48506089,2875.48506089
2026-02-26T03:48:40Z,5005.21203360,-3.87195714,5001.34007646,2126.17798831,0.00000000,2874.36290577,2874.36290577
2026-02-26T03:49:23Z,5005.21203360,-3.36854125,5001.84349235,2125.66895347,0.00000000,2875.80162664,2875.80162664
2026-02-26T03:49:51Z,5005.21203360,-3.95926822,5001.25276538,2125.62918712,0.00000000,2875.48620175,2875.48620175
2026-02-26T03:50:34Z,5005.21203360,-2.79602678,5002.41600682,2123.81589626,0.00000000,2877.89125557,2877.89125557
2026-02-26T03:51:01Z,5005.21203360,-2.35098520,5002.86104840,2124.29557545,0.00000000,2878.06771134,2878.06771134
2026-02-26T03:51:49Z,5005.21203360,-2.26836874,5002.94366486,2124.02871568,0.00000000,2878.13969178,2878.13969178
2026-02-26T03:52:15Z,5005.21203360,-2.25939380,5002.95263980,2123.77588085,0.00000000,2878.94054960,2878.94054960
2026-02-26T03:53:07Z,5005.21203360,-2.30792443,5002.90410917,2123.52274507,0.00000000,2879.16955323,2879.16955323
2026-02-26T03:53:26Z,5005.21203360,-2.21730278,5002.99473082,2123.93123424,0.00000000,2878.45142647,2878.45142647
2026-02-26T03:54:22Z,5005.21203360,-2.33295903,5002.87907457,2122.65318753,0.00000000,2879.94862152,2879.94862152
2026-02-26T03:54:38Z,5005.21203360,-2.01801552,5003.19401808,2122.53523383,0.00000000,2880.25392339,2880.25392339
2026-02-26T03:55:33Z,5005.21203360,-2.06856002,5003.14347358,2122.21566772,0.00000000,2880.64542945,2880.64542945
2026-02-26T03:55:50Z,5005.21203360,-1.99609205,5003.21594155,2121.89022889,0.00000000,2881.13929395,2881.13929395
2026-02-26T03:56:47Z,5005.21203360,-0.95892412,5004.25310948,2122.16504491,0.00000000,2881.41403603,2881.41403603
2026-02-26T03:57:04Z,5005.21203360,-0.73295685,5004.47907675,2122.36936129,0.00000000,2881.47420872,2881.47420872
2026-02-26T03:58:02Z,5005.21203360,-1.11570912,5004.09632448,2121.13478381,0.00000000,2882.79733405,2882.79733405
2026-02-26T03:58:21Z,5005.21203360,-0.67508992,5004.53694368,2121.27722782,0.00000000,2883.07386057,2883.07386057
2026-02-26T03:59:12Z,5005.21203360,-1.19276773,5004.01926587,2121.43315703,0.00000000,2882.47083329,2882.47083329
2026-02-26T03:59:32Z,5005.21203360,-0.79938751,5004.41264609,2121.66947661,0.00000000,2882.64952280,2882.64952280
2026-02-26T04:00:22Z,5005.21203360,-0.14487072,5005.06716288,2120.15993965,0.00000000,2884.06713006,2884.06713006
2026-02-26T04:00:42Z,5005.21203360,-0.44371427,5004.76831933,2121.72633999,0.00000000,2882.50678837,2882.50678837
2026-02-26T04:01:32Z,5005.21203360,-0.65449691,5004.55753669,2121.67497474,0.00000000,2882.34752248,2882.34752248
2026-02-26T04:01:54Z,5005.21203360,-0.82282076,5004.38921284,2122.08137029,0.00000000,2881.79752571,2881.79752571
2026-02-26T04:02:43Z,5005.21203360,-0.88396701,5004.32806659,2119.90696105,0.00000000,2883.97945402,2883.97945402
2026-02-26T04:03:13Z,5005.21203360,-0.57133268,5004.64070092,2120.44744921,0.00000000,2883.68334512,2883.68334512
2026-02-26T04:04:04Z,5005.21203360,-0.58728727,5004.62474633,2121.88372648,0.00000000,2881.05218801,2881.05218801
2026-02-26T04:04:27Z,5005.21203360,-0.11813603,5005.09389757,2122.08075089,0.00000000,2882.87608671,2882.87608671
2026-02-26T04:05:17Z,5005.21203360,-0.02804419,5005.18398941,2122.06893720,0.00000000,2883.06826398,2883.06826398
2026-02-26T04:05:41Z,5005.21203360,-0.00399596,5005.20803764,2122.59565991,0.00000000,2882.33268618,2882.33268618
2026-02-26T04:05:44Z,5005.21203360,0.15415676,5005.36619036,2122.41042329,0.00000000,2882.70446321,2882.70446321
2026-02-26T04:07:01Z,5005.21203360,0.79270591,5006.00473951,2122.58565190,0.00000000,2883.18454312,2883.18454312
2026-02-26T04:07:02Z,5005.21203360,0.83012378,5006.04215738,2122.55191987,0.00000000,2883.29767278,2883.29767278
2026-02-26T04:07:19Z,5005.21203360,0.72339200,5005.93542560,2122.99394284,0.00000000,2882.58418582,2882.58418582
2026-02-26T04:08:14Z,5005.21203360,1.10294277,5006.31497637,2122.73841148,0.00000000,2883.44052613,2883.44052613
2026-02-26T04:08:31Z,5005.21203360,1.04860280,5006.26063640,2122.82198145,0.00000000,2883.27644997,2883.27644997
2026-02-26T04:09:25Z,5005.21203360,0.88419685,5006.09623045,2123.56670320,0.00000000,2882.04269208,2882.04269208
2026-02-26T04:09:43Z,5005.21203360,1.46770528,5006.67973888,2124.47366008,0.00000000,2880.88790139,2880.88790139
2026-02-26T04:10:38Z,5005.21203360,0.22167349,5005.43370709,2129.62313605,0.00000000,2874.36802156,2874.36802156
2026-02-26T04:10:55Z,5005.21203360,0.11064705,5005.32268065,2132.77198976,0.00000000,2870.70955942,2870.70955942
2026-02-26T04:11:50Z,5005.21203360,1.25639429,5006.46842789,2131.14710598,0.00000000,2874.85772869,2874.85772869
2026-02-26T04:12:08Z,5005.21203360,1.02219018,5006.23422378,2130.76128777,0.00000000,2875.28526375,2875.28526375
2026-02-26T05:25:08Z,5005.21203360,16.34400016,5021.55603376,2119.12927986,0.00000000,2902.21164836,2902.21164836
2026-02-26T05:25:35Z,5005.21203360,15.72217904,5020.93421264,2118.93234051,0.00000000,2901.74017914,2901.74017914
2026-02-26T05:26:19Z,5005.21203360,15.35027559,5020.56230919,2120.09924505,0.00000000,2900.14506414,2900.14506414
2026-02-26T05:26:45Z,5005.21203360,14.50504424,5019.71707784,2122.03606397,0.00000000,2897.24256587,2897.24256587
2026-02-26T05:27:28Z,5111.15312896,-92.54404671,5018.60908225,543.53662397,0.00000000,4475.02249245,4475.02249245
2026-02-26T05:27:57Z,5018.46642861,0.00000000,5018.46642861,0.00000000,0.00000000,5018.46642861,5018.46642861
2026-02-26T05:28:38Z,5018.46642861,0.00000000,5018.46642861,0.00000000,0.00000000,5018.46642861,5018.46642861
2026-02-26T05:29:07Z,5018.36646714,-0.14258401,5018.22388313,100.03276526,0.00000000,4918.19111787,4918.19111787
2026-02-26T05:30:13Z,5018.06775493,-1.86514150,5016.20261343,399.60548887,0.00000000,4616.04839601,4616.04839601
2026-02-26T05:30:26Z,5018.06775493,-1.42695562,5016.64079931,399.38639593,0.00000000,4616.56192269,4616.56192269
2026-02-26T05:31:22Z,5018.06775493,-0.64443329,5017.42332164,398.99513476,0.00000000,4618.30376179,4618.30376179
2026-02-26T05:31:36Z,5018.06775493,-0.80664307,5017.26111186,399.07623966,0.00000000,4617.60835312,4617.60835312
2026-02-26T05:32:39Z,5018.06775493,-0.70663993,5017.36111500,399.02623808,0.00000000,4618.24624537,4618.24624537
2026-02-26T05:32:46Z,5018.06775493,-1.30192288,5016.76583205,399.32387955,0.00000000,4616.80082640,4616.80082640
2026-02-26T05:33:48Z,5018.06775493,-1.52366531,5016.54408962,399.43475078,0.00000000,4616.96835885,4616.96835885
2026-02-26T05:33:56Z,5018.06775493,-1.52560475,5016.54215018,399.43572049,0.00000000,4616.99553149,4616.99553149
2026-02-26T05:34:48Z,5018.06775493,-2.61037850,5015.45737643,399.97810736,0.00000000,4615.47245813,4615.47245813
2026-02-26T05:34:59Z,5018.06775493,-2.96878367,5015.09897126,400.15730995,0.00000000,4614.65331786,4614.65331786
2026-02-26T05:35:57Z,5018.06775493,-2.60747570,5015.46027923,399.97665597,0.00000000,4615.01239321,4615.01239321
2026-02-26T05:36:10Z,5018.06775493,-2.46662772,5015.60112721,399.90623197,0.00000000,4615.22160398,4615.22160398
2026-02-26T05:37:07Z,5018.06775493,-1.97597179,5016.09178314,399.66090401,0.00000000,4616.31581694,4616.31581694
2026-02-26T05:37:20Z,5018.06775493,-1.58462144,5016.48313349,399.46522884,0.00000000,4616.11589532,4616.11589532
2026-02-26T05:38:16Z,5018.06775493,-1.37497857,5016.69277636,399.36040740,0.00000000,4616.80664195,4616.80664195
2026-02-26T05:38:31Z,5018.06775493,-1.44945492,5016.61830001,399.39764558,0.00000000,4616.73909346,4616.73909346
2026-02-26T05:39:25Z,5018.06775493,-1.81395693,5016.25379800,399.57989658,0.00000000,4616.12858124,4616.12858124
2026-02-26T05:39:41Z,5018.06775493,-2.09701455,5015.97074038,399.72142539,0.00000000,4615.80040629,4615.80040629
2026-02-26T05:40:34Z,5018.06775493,-1.94330479,5016.12445014,399.64457050,0.00000000,4616.02415109,4616.02415109
2026-02-26T05:40:49Z,5018.06775493,-1.86663342,5016.20112151,399.60623482,0.00000000,4616.14845814,4616.14845814
2026-02-26T05:40:58Z,5018.06775493,-1.85266899,5016.21508594,399.59925260,0.00000000,4616.15174048,4616.15174048
2026-02-26T05:41:00Z,5018.06775493,-1.82879190,5016.23896303,399.58731406,0.00000000,4616.17662105,4616.17662105
2026-02-26T05:41:21Z,5018.06775493,-1.99167247,5016.07608246,399.66875435,0.00000000,4616.33090026,4616.33090026
2026-02-26T05:41:54Z,5018.06775493,-2.54043028,5015.52732465,399.94313325,0.00000000,4615.12214815,4615.12214815
2026-02-26T05:42:02Z,5018.06775493,-2.63257264,5015.43518229,399.98920443,0.00000000,4614.99163418,4614.99163418
2026-02-26T05:42:05Z,5018.06775493,-2.74713775,5015.32061718,400.04648699,0.00000000,4614.82770164,4614.82770164
2026-02-26T05:43:30Z,5018.06775493,-3.02768363,5015.04007130,400.18675995,0.00000000,4614.37960115,4614.37960115
2026-02-26T05:43:31Z,5018.06775493,-3.02768363,5015.04007130,400.18675995,0.00000000,4614.37960115,4614.37960115
2026-02-26T05:44:43Z,5018.06775493,-2.92827063,5015.13948430,400.13705344,0.00000000,4614.53052129,4614.53052129
2026-02-26T05:44:45Z,5018.06775493,-2.92827063,5015.13948430,400.13705344,0.00000000,4614.53052129,4614.53052129
2026-02-26T05:45:52Z,5018.06775493,-3.44682015,5014.62093478,400.39632820,0.00000000,4613.72083293,4613.72083293
2026-02-26T05:45:57Z,5018.06775493,-3.46770729,5014.60004764,400.40677177,0.00000000,4614.05995203,4614.05995203
2026-02-26T05:47:02Z,5018.06775493,-3.25909102,5014.80866391,400.30246362,0.00000000,4613.99026745,4613.99026745
2026-02-26T05:47:08Z,5018.06775493,-3.41117828,5014.65657665,400.37850725,0.00000000,4613.88303656,4613.88303656
2026-02-26T05:48:11Z,5018.06775493,-4.15887047,5013.90888446,400.75235336,0.00000000,4613.06602385,4613.06602385
2026-02-26T05:48:17Z,5018.06775493,-4.49285923,5013.57489570,400.91934773,0.00000000,4612.34812380,4612.34812380
2026-02-26T05:49:21Z,5018.06775493,-4.33891241,5013.72884252,400.84237432,0.00000000,4612.52932536,4612.52932536
2026-02-26T05:49:27Z,5018.06775493,-4.28983640,5013.77791853,400.81783632,0.00000000,4612.59470686,4612.59470686
2026-02-26T05:50:29Z,5018.06775493,-4.08607816,5013.98167677,400.71595719,0.00000000,4612.90564262,4612.90564262
2026-02-26T05:50:35Z,5018.06775493,-3.96641877,5014.10133616,400.65612750,0.00000000,4613.00395947,4613.00395947
2026-02-26T05:51:37Z,5018.06775493,-3.70159600,5014.36615893,400.52371612,0.00000000,4613.72873588,4613.72873588
2026-02-26T05:51:43Z,5018.06775493,-3.76207451,5014.30568042,400.55395537,0.00000000,4613.67836713,4613.67836713
2026-02-26T05:52:45Z,5018.06775493,-3.51102414,5014.55673079,400.42843020,0.00000000,4613.85031560,4613.85031560
2026-02-26T05:52:53Z,5018.06775493,-3.63569814,5014.43205679,400.49076719,0.00000000,4613.34780976,4613.34780976
2026-02-26T05:53:55Z,5017.65719083,-3.50107817,5014.15611266,913.62868721,0.00000000,4099.95981261,4099.95981261
2026-02-26T05:54:02Z,5017.65719083,-3.28204476,5014.37514607,913.51917051,0.00000000,4100.61609858,4100.61609858
2026-02-26T05:55:04Z,5017.65719083,-3.48887192,5014.16831891,913.62258409,0.00000000,4099.96303433,4099.96303433
2026-02-26T05:55:11Z,5017.65719083,-3.56560282,5014.09158801,913.66094953,0.00000000,4099.83008593,4099.83008593
2026-02-26T05:56:12Z,5017.65719083,-4.22234304,5013.43484779,913.98931965,0.00000000,4098.64962239,4098.64962239
2026-02-26T05:56:20Z,5017.65719083,-4.07615379,5013.58103704,913.91622503,0.00000000,4098.79319363,4098.79319363
2026-02-26T05:57:23Z,5017.65719083,-3.78654442,5013.87064641,913.77142034,0.00000000,4099.02482150,4099.02482150
2026-02-26T05:57:29Z,5017.65719083,-3.21715886,5014.44003197,913.48672755,0.00000000,4099.68360582,4099.68360582
2026-02-26T05:58:32Z,5017.65719083,-3.35366854,5014.30352229,913.55498241,0.00000000,4100.16992546,4100.16992546
2026-02-26T05:58:39Z,5017.65719083,-3.72644885,5013.93074198,913.74137256,0.00000000,4099.14263213,4099.14263213
2026-02-26T05:58:59Z,5017.65719083,-3.08475741,5014.57243342,913.42052685,0.00000000,4100.60893231,4100.60893231
2026-02-26T05:59:52Z,5017.65719083,-3.46412546,5014.19306537,913.61021088,0.00000000,4099.87181844,4099.87181844
2026-02-26T06:00:09Z,5017.65719083,-4.02257231,5013.63461852,913.88943430,0.00000000,4099.17472374,4099.17472374
2026-02-26T06:01:01Z,5017.65719083,-3.17369940,5014.48349143,913.46499785,0.00000000,4100.09210440,4100.09210440
2026-02-26T06:01:18Z,5017.65719083,-1.33256064,5016.32463019,912.54442845,0.00000000,4101.92495073,4101.92495073
2026-02-26T06:02:10Z,5017.65719083,-0.35882017,5017.29837066,912.05755822,0.00000000,4103.73956873,4103.73956873
2026-02-26T06:02:28Z,5017.65719083,-0.29027894,5017.36691189,912.02328758,0.00000000,4104.68131191,4104.68131191
2026-02-26T06:03:19Z,5017.65719083,-0.05600328,5017.60118755,911.90614974,0.00000000,4104.86088501,4104.86088501
2026-02-26T06:03:37Z,5017.65719083,-0.47074806,5017.18644277,912.11352218,0.00000000,4104.04049045,4104.04049045
2026-02-26T06:04:28Z,5017.65719083,-2.11621607,5015.54097476,912.93625614,0.00000000,4102.21450922,4102.21450922
2026-02-26T06:04:48Z,5017.65719083,-2.30996153,5015.34722930,913.03312890,0.00000000,4101.47707185,4101.47707185
2026-02-26T06:05:37Z,5017.65719083,-3.47525262,5014.18193821,913.61577443,0.00000000,4099.64607672,4099.64607672
2026-02-26T06:05:56Z,5017.65719083,-5.05996016,5012.59723067,914.40812820,0.00000000,4097.94068771,4097.94068771
2026-02-26T06:06:46Z,5017.65719083,-5.41446218,5012.24272865,914.58537921,0.00000000,4097.58611160,4097.58611160
2026-02-26T06:07:06Z,5017.65719083,-5.90927541,5011.74791542,914.83278583,0.00000000,4096.86828551,4096.86828551
2026-02-26T06:07:32Z,5017.65719083,-6.27466204,5011.38252879,915.01547918,0.00000000,4095.70672122,4095.70672122
2026-02-26T06:07:40Z,5017.65719083,-7.46663223,5010.19055860,915.61146425,0.00000000,4094.44569888,4094.44569888
2026-02-26T06:07:56Z,5017.65719083,-8.65228479,5009.00490604,916.20429053,0.00000000,4092.68836838,4092.68836838
2026-02-26T06:08:50Z,5017.65719083,-9.04076563,5008.61642520,916.39853095,0.00000000,4092.14595172,4092.14595172
2026-02-26T06:09:12Z,5017.65719083,-9.13527354,5008.52191729,916.44578492,0.00000000,4091.58088449,4091.58088449
2026-02-26T06:10:01Z,5017.65719083,-5.93119567,5011.72599516,914.84374597,0.00000000,4096.25241858,4096.25241858
2026-02-26T06:10:25Z,5017.65719083,-5.89206556,5011.76512527,914.82418090,0.00000000,4096.87094700,4096.87094700
2026-02-26T06:11:13Z,5017.65719083,-8.06449078,5009.59270005,915.91039353,0.00000000,4093.35880114,4093.35880114
2026-02-26T06:11:38Z,5017.65719083,-8.17367898,5009.48351185,915.96498762,0.00000000,4093.15043303,4093.15043303
2026-02-26T06:12:24Z,5017.65719083,-6.86979770,5010.78739313,915.31304700,0.00000000,4095.03007017,4095.03007017
2026-02-26T06:12:47Z,5017.65719083,-6.56588245,5011.09130838,915.16108937,0.00000000,4095.91848788,4095.91848788
2026-02-26T06:13:34Z,5017.65719083,-6.75545000,5010.90174083,915.25587314,0.00000000,4095.31729828,4095.31729828
2026-02-26T06:13:59Z,5017.65719083,-7.07116624,5010.58602459,915.41373126,0.00000000,4094.82453920,4094.82453920
2026-02-26T06:14:43Z,5017.65719083,-6.98412160,5010.67306923,915.37020894,0.00000000,4095.24203385,4095.24203385
2026-02-26T06:15:09Z,5017.65719083,-7.25301415,5010.40417668,915.50465520,0.00000000,4094.88216064,4094.88216064
2026-02-26T06:15:55Z,5017.65719083,-7.15002625,5010.50716458,915.45316128,0.00000000,4094.70572897,4094.70572897
2026-02-26T06:16:27Z,5017.65719083,-6.07744682,5011.57974401,914.91687157,0.00000000,4096.00095370,4096.00095370
2026-02-26T06:17:04Z,5017.65719083,-6.93529839,5010.72189244,915.34579733,0.00000000,4095.37609511,4095.37609511
2026-02-26T06:17:38Z,5017.65719083,-6.44310055,5011.21409028,915.09969841,0.00000000,4095.68654944,4095.68654944
2026-02-26T06:18:15Z,5017.65719083,-5.97968210,5011.67750873,914.86798919,0.00000000,4096.08753674,4096.08753674
2026-02-26T06:18:48Z,5017.59321087,-3.88246242,5013.71074845,957.90208535,0.00000000,4054.64754272,4054.64754272
2026-02-26T06:19:28Z,5017.32140474,-3.08366806,5014.23773668,1097.41483194,0.00000000,3915.74834885,3915.74834885
2026-02-26T06:20:03Z,5017.04176943,-4.51114319,5012.53062624,1161.73056875,0.00000000,3850.04069740,3850.04069740
2026-02-26T06:20:42Z,5016.76218285,-7.66098816,5009.10119469,1190.54970599,0.00000000,3817.69202733,3817.69202733
2026-02-26T06:21:17Z,5016.60247515,-8.51272572,5008.08974943,1206.61904782,0.00000000,3800.63175037,3800.63175037
2026-02-26T06:21:57Z,5016.60247515,-7.39284659,5009.20962856,1206.25351642,0.00000000,3802.66758234,3802.66758234
2026-02-26T06:22:37Z,5016.60247515,-5.66551765,5010.93695750,1205.78179936,0.00000000,3804.01580913,3804.01580913
2026-02-26T06:23:15Z,5016.60247515,-3.38630391,5013.21617124,1205.17122267,0.00000000,3806.97241634,3806.97241634
2026-02-26T06:23:52Z,5016.60247515,-5.50893026,5011.09354489,1205.82004738,0.00000000,3803.69665719,3803.69665719
2026-02-26T06:24:32Z,5016.60247515,-4.06442498,5012.53805017,1205.51842816,0.00000000,3805.61751545,3805.61751545
2026-02-26T06:25:09Z,5016.60247515,-3.74591777,5012.85655738,1205.38031085,0.00000000,3806.25198178,3806.25198178
2026-02-26T06:25:49Z,5016.60247515,-1.15029879,5015.45217636,1204.69028358,0.00000000,3809.29923267,3809.29923267
2026-02-26T06:26:29Z,5016.60247515,-0.01989465,5016.58258050,1204.45709352,0.00000000,3810.77343509,3810.77343509
2026-02-26T06:26:40Z,5016.60247515,0.37871803,5016.98119318,1204.34404921,0.00000000,3811.47338001,3811.47338001
2026-02-26T06:26:51Z,5016.60247515,1.22498756,5017.82746271,1204.04602725,0.00000000,3812.10616947,3812.10616947
2026-02-26T06:27:57Z,5016.60247515,-0.00998346,5016.59249169,1204.27259757,0.00000000,3811.32745698,3811.32745698
2026-02-26T06:28:08Z,5016.60247515,-0.45535137,5016.14712378,1204.42275627,0.00000000,3811.27509491,3811.27509491
